aX,aY,aZ,gX,gY,gZ

0.192,1.376,-1.171,125.549,-19.348,23.987

0.224,1.329,-1.217,100.098,-22.949,13.062

0.249,1.219,-1.246,70.618,-21.179,5.615

0.264,1.082,-1.214,36.377,-14.648,1.770

0.277,0.948,-1.120,0.793,-7.080,-0.305

0.309,0.813,-1.000,-27.405,-2.991,0.427

0.349,0.652,-0.955,-47.607,-3.296,2.808

0.392,0.517,-0.921,-63.171,-7.141,2.075

0.422,0.405,-0.886,-77.332,-9.155,-2.502

0.461,0.303,-0.835,-87.646,-8.606,-9.705

0.479,0.237,-0.793,-93.994,-7.507,-17.883

0.490,0.190,-0.775,-96.130,-7.263,-27.039

0.489,0.168,-0.774,-95.886,-7.324,-36.377

0.476,0.156,-0.784,-94.849,-6.897,-45.227

0.468,0.171,-0.807,-94.727,-5.432,-53.589

0.449,0.193,-0.835,-96.191,-3.540,-59.692

0.422,0.219,-0.854,-99.121,-0.427,-63.538

0.415,0.244,-0.869,-103.210,1.953,-66.162

0.397,0.250,-0.880,-107.971,2.625,-67.932

0.383,0.235,-0.887,-112.732,3.296,-70.007

0.369,0.216,-0.891,-118.408,3.784,-71.350

0.355,0.193,-0.887,-124.329,3.479,-71.594

0.348,0.167,-0.873,-130.249,2.686,-71.289

0.333,0.139,-0.848,-135.620,2.136,-71.228

0.317,0.109,-0.816,-139.404,1.587,-71.655

0.305,0.065,-0.808,-140.625,0.366,-71.655

0.300,0.024,-0.805,-141.418,-2.380,-70.984

0.295,-0.001,-0.797,-143.494,-5.859,-70.190

0.300,-0.023,-0.791,-146.240,-9.277,-69.031

0.309,-0.047,-0.787,-149.536,-12.207,-67.871

0.320,-0.074,-0.781,-154.663,-14.709,-67.688

0.318,-0.099,-0.761,-162.048,-17.212,-68.542

0.313,-0.126,-0.729,-170.410,-19.592,-69.824

0.302,-0.169,-0.687,-177.856,-21.423,-70.068

0.302,-0.221,-0.648,-183.655,-22.766,-68.970

0.301,-0.266,-0.601,-189.148,-24.902,-67.383

0.296,-0.303,-0.551,-193.115,-27.344,-65.979

0.289,-0.355,-0.501,-195.251,-29.175,-64.453

0.301,-0.405,-0.464,-194.458,-30.090,-61.157

0.321,-0.458,-0.429,-192.139,-30.151,-58.228

0.328,-0.500,-0.395,-191.284,-32.776,-57.922

0.326,-0.529,-0.358,-190.063,-36.011,-58.777

0.324,-0.546,-0.332,-186.523,-38.208,-59.753

0.322,-0.572,-0.313,-181.702,-39.551,-59.875

0.329,-0.585,-0.306,-177.612,-39.490,-58.777

0.331,-0.600,-0.292,-176.514,-39.734,-58.167

0.343,-0.611,-0.269,-178.406,-40.344,-57.678

0.350,-0.616,-0.241,-182.861,-41.077,-58.289

0.356,-0.617,-0.202,-189.270,-42.114,-60.425

0.345,-0.631,-0.166,-195.251,-42.664,-63.538

0.321,-0.660,-0.120,-200.195,-42.053,-66.772

0.301,-0.701,-0.074,-203.247,-40.833,-68.665

0.282,-0.730,-0.035,-204.041,-39.795,-67.383

0.275,-0.782,0.027,-202.332,-37.109,-62.866

0.266,-0.811,0.071,-198.730,-34.119,-56.396

0.265,-0.832,0.099,-192.322,-31.982,-47.974

0.260,-0.836,0.110,-183.289,-29.419,-38.757

0.263,-0.829,0.112,-172.913,-27.100,-30.212

0.288,-0.805,0.118,-162.720,-25.879,-23.865

0.308,-0.777,0.137,-156.250,-26.917,-22.949

0.311,-0.751,0.164,-156.067,-32.043,-29.724

0.312,-0.731,0.195,-157.227,-39.001,-39.795

0.297,-0.734,0.214,-157.837,-44.434,-49.500

0.274,-0.767,0.242,-159.790,-47.607,-57.312

0.248,-0.786,0.280,-162.170,-47.607,-60.486

0.232,-0.786,0.324,-163.330,-44.495,-58.838

0.245,-0.831,0.375,-162.659,-39.978,-52.490

0.253,-0.864,0.423,-167.236,-35.400,-45.227

0.251,-0.876,0.486,-168.335,-30.090,-37.231

0.248,-0.886,0.537,-168.823,-24.353,-32.654

0.239,-0.886,0.581,-167.419,-22.156,-28.503

0.239,-0.890,0.608,-162.537,-23.010,-25.513

0.248,-0.889,0.630,-156.616,-24.597,-23.987

0.245,-0.903,0.668,-154.236,-25.513,-25.146

0.239,-0.922,0.730,-157.471,-27.161,-29.541

0.232,-0.980,0.818,-160.400,-30.212,-34.973

0.220,-1.019,0.883,-159.607,-33.813,-39.001

0.211,-1.054,0.926,-153.320,-35.278,-39.429

0.202,-1.082,0.948,-142.456,-33.203,-35.522

0.200,-1.102,0.934,-128.479,-27.954,-26.611

0.208,-1.099,0.918,-115.540,-20.325,-15.259

0.220,-1.083,0.917,-104.065,-10.559,-4.639

0.227,-1.057,0.906,-94.360,-3.723,2.319

0.228,-1.029,0.884,-84.839,-1.465,5.188

0.230,-0.998,0.864,-76.233,-1.892,4.211

0.227,-0.978,0.847,-70.313,-3.784,0.610

0.220,-0.972,0.831,-66.406,-6.287,-3.967

0.214,-0.976,0.820,-63.660,-8.911,-7.202

0.214,-0.979,0.823,-62.073,-10.315,-8.667

0.224,-0.985,0.833,-60.364,-10.559,-8.667

0.237,-0.989,0.830,-56.824,-10.071,-6.836

0.247,-0.984,0.833,-51.880,-8.850,-5.127

0.252,-0.971,0.842,-46.692,-7.690,-4.456

0.250,-0.961,0.851,-41.016,-7.874,-5.188

0.253,-0.954,0.873,-36.926,-8.789,-6.958

0.255,-0.966,0.892,-34.363,-9.705,-9.277

0.251,-0.989,0.901,-30.640,-9.949,-11.169

0.248,-1.004,0.913,-26.550,-9.216,-12.024

0.242,-1.018,0.927,-22.827,-7.751,-12.024

0.238,-1.033,0.931,-18.494,-5.981,-10.864

0.232,-1.043,0.926,-13.550,-4.028,-9.521

0.225,-1.048,0.918,-8.118,-2.441,-7.812

0.218,-1.042,0.908,-2.808,-0.977,-5.920

0.219,-1.029,0.897,2.197,0.122,-3.906

0.225,-1.017,0.876,7.385,0.671,-1.831

0.231,-1.001,0.854,12.268,1.160,-0.244

0.236,-0.984,0.839,15.991,2.197,0.671

0.235,-0.976,0.821,19.348,3.113,0.854

0.229,-0.971,0.802,22.644,3.723,1.099

0.226,-0.969,0.807,25.085,4.639,1.709

0.229,-0.975,0.818,27.161,5.798,2.747

0.232,-0.984,0.826,29.480,6.531,3.601

0.230,-0.990,0.850,32.715,7.874,4.028

0.227,-0.998,0.883,35.706,9.155,4.272

0.229,-1.027,0.914,38.452,9.644,4.639

0.229,-1.061,0.944,42.419,10.681,5.493

0.229,-1.083,0.980,48.767,13.306,6.775

0.221,-1.102,1.007,55.969,15.503,8.850

0.208,-1.112,1.009,63.477,16.113,9.521



0.383,1.214,-1.055,65.002,18.677,-0.061

0.387,1.222,-1.047,39.185,22.827,-9.399

0.367,1.213,-1.007,10.864,26.855,-21.667

0.324,1.180,-0.970,-15.076,28.381,-33.813

0.270,1.137,-0.933,-38.330,27.405,-44.861

0.207,1.084,-0.898,-59.509,25.269,-53.284

0.140,1.012,-0.861,-77.881,23.071,-57.312

0.094,0.938,-0.830,-93.262,21.362,-56.396

0.077,0.845,-0.823,-105.286,18.311,-51.086

0.076,0.769,-0.827,-115.662,13.916,-43.518

0.084,0.712,-0.828,-125.549,10.254,-37.537

0.098,0.662,-0.827,-134.216,6.836,-34.180

0.117,0.609,-0.831,-141.357,2.258,-33.691

0.133,0.557,-0.832,-148.071,-2.808,-36.011

0.149,0.505,-0.825,-154.480,-7.263,-40.833

0.157,0.465,-0.812,-160.889,-11.230,-46.814

0.163,0.420,-0.793,-167.236,-14.954,-52.490

0.167,0.368,-0.761,-174.194,-17.456,-56.702

0.172,0.303,-0.729,-181.396,-19.531,-58.105

0.179,0.238,-0.683,-187.622,-21.912,-57.129

0.201,0.185,-0.636,-192.627,-23.804,-54.749

0.227,0.140,-0.614,-194.702,-26.184,-52.368

0.262,0.106,-0.615,-194.519,-29.968,-51.575

0.293,0.081,-0.617,-195.129,-33.875,-54.138

0.324,0.049,-0.625,-196.960,-38.086,-60.059

0.337,0.023,-0.626,-200.623,-43.152,-69.458

0.338,-0.003,-0.612,-206.787,-46.936,-80.017

0.337,-0.038,-0.578,-214.111,-50.110,-89.661

0.340,-0.099,-0.531,-222.717,-51.941,-96.741

0.336,-0.176,-0.473,-232.727,-53.772,-102.295

0.314,-0.300,-0.364,-242.859,-54.016,-105.713

0.308,-0.424,-0.230,-249.084,-48.157,-103.638

0.321,-0.558,-0.124,-246.948,-40.833,-99.792

0.324,-0.644,-0.087,-238.708,-35.889,-93.872

0.323,-0.681,-0.079,-226.868,-33.875,-90.210

0.315,-0.690,-0.100,-211.487,-36.865,-87.585

0.322,-0.676,-0.143,-196.716,-42.175,-85.327

0.329,-0.653,-0.189,-185.852,-46.265,-82.825

0.338,-0.621,-0.225,-181.824,-47.363,-80.872

0.353,-0.593,-0.235,-184.143,-46.082,-80.566

0.358,-0.585,-0.219,-191.650,-44.373,-82.397

0.351,-0.578,-0.181,-203.247,-43.701,-87.036

0.339,-0.618,-0.109,-215.698,-44.189,-92.590

0.305,-0.710,-0.003,-226.746,-43.030,-95.154

0.277,-0.769,0.127,-234.314,-36.865,-93.628

0.270,-0.808,0.223,-234.985,-29.907,-89.844

0.257,-0.884,0.259,-226.196,-26.062,-81.177

0.248,-0.939,0.287,-216.553,-26.428,-75.684

0.240,-0.944,0.292,-206.726,-28.198,-70.740

0.245,-0.941,0.287,-197.693,-30.579,-67.139

0.248,-0.925,0.275,-190.857,-33.752,-65.979

0.239,-0.905,0.265,-188.416,-36.255,-66.650

0.237,-0.892,0.273,-190.002,-36.987,-66.895

0.234,-0.885,0.299,-194.214,-36.011,-65.857

0.224,-0.871,0.338,-200.745,-34.241,-64.209

0.216,-0.869,0.380,-207.214,-30.762,-60.669

0.211,-0.878,0.420,-211.731,-27.405,-54.688

0.202,-0.889,0.468,-215.820,-24.414,-48.523

0.202,-0.905,0.522,-218.323,-22.034,-43.213

0.205,-0.937,0.571,-216.248,-19.104,-36.377

0.209,-0.969,0.637,-214.417,-17.761,-33.386

0.190,-1.016,0.704,-209.900,-17.212,-32.288

0.214,-1.028,0.750,-200.928,-17.334,-32.166

0.198,-1.045,0.763,-188.232,-17.639,-31.067

0.195,-1.048,0.763,-176.575,-17.639,-29.175

0.191,-1.028,0.762,-166.687,-16.907,-26.733

0.196,-1.011,0.771,-157.959,-14.771,-22.461

0.203,-0.994,0.787,-151.550,-13.123,-18.555

0.207,-0.980,0.801,-146.667,-12.756,-16.174

0.203,-0.960,0.820,-143.250,-13.184,-15.198

0.207,-0.952,0.843,-139.893,-13.855,-15.320

0.211,-0.957,0.854,-135.071,-14.526,-15.991

0.214,-0.963,0.861,-128.601,-16.357,-16.785

0.221,-0.976,0.873,-120.728,-17.761,-17.029

0.226,-0.987,0.888,-112.183,-17.151,-16.479

0.231,-0.998,0.908,-103.271,-14.709,-14.893

0.232,-1.014,0.945,-94.543,-11.047,-13.062

0.238,-1.028,0.979,-85.938,-6.897,-11.414

0.233,-1.036,1.003,-76.538,-4.272,-11.292

0.221,-1.036,1.017,-68.054,-3.662,-12.207

0.214,-1.043,1.021,-59.204,-4.700,-12.512

0.211,-1.045,1.007,-50.415,-5.554,-10.620

0.215,-1.051,0.995,-41.748,-5.005,-7.751

0.220,-1.050,0.990,-34.912,-3.723,-4.822

0.224,-1.048,0.985,-28.931,-2.502,-2.808

0.222,-1.040,0.971,-22.888,-1.892,-2.014

0.218,-1.032,0.953,-17.151,-1.709,-2.075

0.214,-1.022,0.934,-11.780,-2.197,-2.502

0.210,-1.010,0.919,-7.385,-3.174,-3.052

0.215,-1.005,0.902,-3.540,-3.662,-3.357

0.218,-1.008,0.888,0.305,-3.418,-2.563

0.221,-1.000,0.888,2.869,-2.197,-1.404

0.229,-0.998,0.897,4.456,-0.610,-0.183

0.231,-1.001,0.901,7.019,0.732,1.038

0.231,-1.004,0.910,10.254,2.502,2.075

0.233,-1.007,0.934,13.489,4.822,3.418

0.238,-1.016,0.958,17.212,6.897,5.249

0.242,-1.024,0.987,21.362,9.094,7.080

0.248,-1.043,1.019,25.635,11.536,8.728

0.245,-1.070,1.036,31.555,13.977,10.437

0.246,-1.110,1.064,39.612,16.541,12.207

0.240,-1.117,1.067,49.255,20.935,15.747

0.235,-1.121,1.070,58.899,25.146,19.348

0.226,-1.124,1.081,67.932,28.442,23.071

0.226,-1.118,1.086,76.904,31.860,27.100

0.230,-1.120,1.067,85.510,35.278,31.006

0.229,-1.118,1.035,94.238,38.513,34.424

0.230,-1.101,1.005,102.722,41.992,37.354

0.233,-1.076,0.972,110.657,44.800,39.490

0.245,-1.061,0.930,118.469,46.387,41.382

0.258,-1.047,0.902,125.183,46.814,41.626

0.274,-1.039,0.873,130.920,46.082,40.344

0.292,-1.033,0.849,137.695,43.823,38.025

0.312,-1.013,0.828,143.982,41.443,34.485

0.323,-1.003,0.798,149.963,39.063,30.762

0.330,-0.997,0.764,156.738,37.720,28.503

0.338,-0.981,0.731,162.659,39.063,27.710

0.340,-0.973,0.707,167.114,41.260,28.503

0.337,-0.974,0.702,172.058,44.739,30.273



-0.118,2.060,-0.918,143.372,13.550,-15.015

-0.102,2.182,-1.055,119.995,2.502,-28.809

-0.088,2.200,-1.176,88.562,-4.578,-36.255

-0.089,2.113,-1.237,49.133,-3.479,-38.574

-0.104,1.977,-1.159,2.380,5.371,-40.527

-0.111,1.810,-1.005,-45.105,14.404,-41.016

-0.118,1.602,-0.875,-83.069,11.353,-43.457

-0.133,1.407,-0.799,-110.840,2.625,-47.180

-0.104,1.221,-0.702,-133.057,-5.920,-53.528

-0.064,1.061,-0.650,-149.597,-11.963,-58.472

-0.040,0.927,-0.609,-161.804,-16.846,-65.002

-0.043,0.837,-0.574,-171.753,-20.691,-72.754

-0.042,0.758,-0.561,-178.162,-22.522,-79.468

-0.051,0.716,-0.558,-182.678,-25.635,-83.984

-0.056,0.696,-0.571,-187.744,-29.602,-88.867

-0.058,0.684,-0.598,-191.711,-34.607,-91.064

-0.042,0.668,-0.623,-196.594,-40.222,-90.515

-0.009,0.629,-0.635,-203.491,-44.861,-88.074

0.027,0.576,-0.632,-213.379,-48.096,-85.388

0.061,0.507,-0.607,-225.403,-50.903,-83.923

0.094,0.428,-0.566,-238.220,-53.650,-84.351

0.140,0.304,-0.500,-249.817,-56.030,-85.449

0.172,0.157,-0.426,-257.996,-57.861,-86.304

0.186,0.021,-0.346,-263.916,-59.631,-90.149

0.205,-0.119,-0.276,-264.221,-60.730,-94.360

0.239,-0.223,-0.220,-258.911,-63.110,-98.511

0.260,-0.333,-0.193,-248.047,-67.322,-101.990

0.285,-0.396,-0.194,-237.427,-72.998,-106.750

0.308,-0.420,-0.205,-228.149,-78.369,-111.938

0.342,-0.430,-0.220,-221.069,-81.421,-115.417

0.363,-0.483,-0.226,-217.102,-80.688,-117.065

0.362,-0.532,-0.184,-217.102,-76.355,-117.004

0.364,-0.581,-0.128,-217.712,-69.946,-115.601

0.393,-0.640,-0.105,-214.050,-66.711,-111.938

0.411,-0.701,-0.087,-208.435,-66.223,-109.375

0.417,-0.747,-0.063,-204.834,-66.895,-111.572

0.419,-0.788,-0.027,-201.660,-68.787,-115.845

0.409,-0.818,-0.009,-196.350,-69.336,-117.554

0.396,-0.834,-0.003,-192.139,-68.359,-117.493

0.378,-0.869,0.006,-189.758,-66.772,-113.770

0.382,-0.934,0.051,-188.782,-60.791,-104.431

0.393,-0.995,0.105,-187.683,-49.561,-91.003

0.412,-1.049,0.135,-185.242,-38.635,-76.599

0.414,-1.076,0.161,-181.946,-31.372,-64.758

0.416,-1.082,0.181,-177.979,-28.198,-57.983

0.413,-1.083,0.161,-171.204,-29.480,-55.603

0.408,-1.065,0.132,-164.246,-33.081,-55.054

0.409,-1.030,0.112,-159.729,-34.546,-54.321

0.427,-1.018,0.101,-157.654,-34.119,-53.162

0.427,-1.009,0.107,-158.203,-33.264,-53.772

0.412,-0.989,0.119,-161.011,-33.020,-57.861

0.401,-0.976,0.121,-163.147,-34.180,-62.500

0.375,-0.966,0.121,-165.710,-35.095,-66.284

0.354,-0.978,0.150,-170.349,-34.668,-69.519

0.326,-1.009,0.192,-176.025,-33.997,-71.899

0.291,-1.029,0.247,-181.213,-32.043,-70.984

0.277,-1.056,0.297,-182.739,-29.358,-68.054

0.265,-1.054,0.332,-183.289,-27.649,-63.232

0.255,-1.047,0.340,-179.504,-27.161,-56.030

0.256,-1.028,0.350,-176.819,-27.039,-47.974

0.271,-1.000,0.359,-174.072,-26.550,-38.940

0.285,-0.983,0.374,-172.363,-25.879,-30.701

0.293,-0.967,0.395,-173.706,-25.024,-25.940

0.294,-0.959,0.422,-176.819,-24.719,-25.146

0.291,-0.950,0.451,-179.260,-25.757,-26.306

0.294,-0.942,0.484,-179.626,-28.076,-28.259

0.297,-0.931,0.520,-179.382,-31.006,-31.067

0.295,-0.932,0.563,-178.650,-34.973,-34.485

0.289,-0.937,0.598,-176.880,-38.696,-37.415

0.285,-0.947,0.633,-172.119,-39.551,-39.001

0.288,-0.963,0.656,-164.124,-38.635,-38.025

0.293,-0.972,0.677,-153.992,-35.645,-34.790

0.302,-0.966,0.691,-142.395,-30.701,-30.762

0.310,-0.955,0.696,-129.761,-25.696,-27.527

0.309,-0.931,0.687,-116.333,-20.813,-25.635

0.289,-0.900,0.685,-103.943,-16.296,-25.513

0.265,-0.873,0.698,-95.520,-12.817,-26.550

0.247,-0.850,0.716,-90.576,-11.414,-28.748

0.225,-0.844,0.728,-88.013,-12.024,-31.128

0.208,-0.848,0.744,-86.365,-13.184,-33.386

0.193,-0.862,0.766,-85.266,-14.221,-34.485

0.184,-0.880,0.793,-83.740,-14.709,-33.691

0.182,-0.900,0.817,-80.933,-13.672,-30.518

0.179,-0.913,0.849,-78.064,-12.024,-26.062

0.179,-0.923,0.884,-74.158,-9.766,-21.912

0.181,-0.933,0.912,-69.397,-7.935,-18.127

0.179,-0.947,0.941,-64.453,-6.531,-15.198

0.176,-0.970,0.954,-58.960,-5.310,-13.367

0.173,-0.996,0.962,-53.345,-4.517,-11.353

0.169,-1.010,0.974,-47.668,-3.418,-9.094

0.168,-1.015,0.995,-42.358,-1.465,-6.653

0.171,-1.023,1.011,-36.743,-0.549,-5.188

0.172,-1.046,1.017,-30.518,-0.671,-4.883

0.172,-1.056,1.017,-23.804,-1.465,-5.615

0.164,-1.051,1.028,-16.846,-2.197,-7.263

0.159,-1.052,1.043,-10.071,-2.869,-8.728

0.160,-1.063,1.031,-1.587,-3.235,-8.545

0.170,-1.077,1.023,7.385,-2.991,-6.897

0.175,-1.060,1.021,14.465,-1.343,-4.517

0.181,-1.053,1.029,19.653,0.916,-2.869

0.182,-1.064,1.035,23.804,4.028,-2.014

0.187,-1.077,1.047,28.076,8.728,-0.793

0.193,-1.096,1.080,33.142,13.672,1.160

0.203,-1.123,1.118,40.100,18.433,3.418

0.212,-1.158,1.141,49.194,22.888,6.104

0.212,-1.184,1.155,61.951,27.649,10.254

0.214,-1.186,1.208,73.303,34.058,14.893

0.220,-1.207,1.266,83.801,41.443,19.775

0.236,-1.256,1.303,96.741,48.706,26.062

0.246,-1.276,1.361,108.215,56.030,32.776

0.259,-1.299,1.437,118.713,64.636,38.696

0.280,-1.354,1.504,132.263,74.219,45.288

0.275,-1.426,1.558,148.376,84.961,50.110

0.261,-1.481,1.590,167.480,94.604,54.016

0.243,-1.506,1.585,195.618,101.074,55.237

0.200,-1.459,1.530,228.516,100.281,52.551

0.166,-1.374,1.452,260.620,90.820,47.180

0.163,-1.272,1.355,290.833,77.271,41.504

0.173,-1.174,1.240,318.604,60.852,34.851



0.071,2.162,-0.639,102.722,15.808,-1.038

0.067,2.231,-0.757,80.750,4.822,-18.250

0.068,2.185,-0.877,52.551,-2.869,-27.222

0.073,2.041,-0.927,17.151,-2.502,-27.100

0.088,1.840,-0.873,-23.987,6.531,-25.757

0.104,1.622,-0.752,-67.444,13.977,-22.461

0.097,1.387,-0.667,-101.929,13.367,-20.447

0.099,1.183,-0.610,-126.343,11.169,-23.193

0.110,1.008,-0.558,-143.555,8.057,-28.503

0.117,0.884,-0.544,-154.114,4.639,-35.095

0.120,0.784,-0.553,-160.034,1.343,-43.213

0.126,0.719,-0.573,-163.330,-1.526,-51.514

0.121,0.682,-0.594,-166.748,-4.272,-58.960

0.113,0.669,-0.614,-171.326,-6.409,-65.430

0.098,0.655,-0.626,-177.124,-8.545,-69.763

0.084,0.630,-0.627,-184.631,-9.949,-70.068

0.074,0.603,-0.617,-192.078,-10.864,-67.078

0.075,0.557,-0.603,-199.280,-13.062,-62.744

0.087,0.510,-0.602,-205.017,-17.273,-58.716

0.116,0.447,-0.598,-210.693,-22.522,-56.824

0.154,0.371,-0.598,-215.759,-27.161,-57.068

0.189,0.287,-0.590,-219.910,-31.555,-60.425

0.213,0.194,-0.564,-223.267,-34.729,-66.528

0.228,0.112,-0.538,-225.464,-36.316,-73.242

0.229,0.008,-0.507,-225.525,-38.696,-80.139

0.213,-0.080,-0.476,-223.389,-41.382,-87.036

0.205,-0.168,-0.448,-218.384,-43.579,-90.759

0.213,-0.231,-0.434,-212.402,-45.776,-92.407

0.228,-0.264,-0.435,-207.703,-49.072,-92.224

0.244,-0.278,-0.447,-203.918,-53.406,-92.041

0.269,-0.287,-0.459,-201.843,-58.167,-92.773

0.302,-0.300,-0.463,-202.087,-62.195,-93.811

0.325,-0.320,-0.449,-204.224,-64.575,-95.825

0.349,-0.337,-0.428,-207.397,-64.636,-99.243

0.380,-0.370,-0.404,-211.731,-63.843,-103.943

0.382,-0.440,-0.354,-217.468,-63.354,-109.253

0.374,-0.494,-0.293,-224.609,-60.425,-115.417

0.386,-0.558,-0.230,-229.797,-54.626,-119.385

0.371,-0.646,-0.164,-232.361,-49.500,-120.300

0.353,-0.724,-0.085,-232.422,-43.396,-117.493

0.361,-0.793,-0.033,-228.027,-37.659,-112.854

0.367,-0.839,-0.019,-219.421,-35.339,-108.459

0.367,-0.862,-0.025,-210.571,-38.147,-107.361

0.373,-0.878,-0.029,-203.125,-43.518,-108.521

0.371,-0.882,-0.026,-198.486,-47.424,-109.924

0.360,-0.894,-0.022,-197.388,-49.622,-111.450

0.354,-0.919,-0.010,-199.463,-49.805,-111.206

0.333,-0.968,0.033,-204.346,-45.532,-107.178

0.317,-1.030,0.114,-209.412,-36.255,-98.877

0.317,-1.073,0.180,-210.693,-26.428,-86.609

0.309,-1.110,0.216,-206.787,-18.555,-72.449

0.295,-1.135,0.242,-200.684,-13.611,-60.242

0.279,-1.133,0.261,-192.444,-11.047,-49.988

0.274,-1.119,0.255,-180.481,-10.376,-39.429

0.280,-1.095,0.234,-167.419,-10.803,-29.419

0.293,-1.050,0.215,-157.043,-12.268,-22.705

0.312,-1.047,0.216,-148.987,-15.076,-21.729

0.321,-1.023,0.218,-151.855,-18.738,-26.733

0.308,-1.011,0.220,-151.733,-24.109,-35.339

0.285,-1.002,0.223,-154.175,-29.236,-44.495

0.255,-0.998,0.234,-157.227,-33.630,-51.880

0.228,-0.988,0.251,-162.781,-36.682,-55.420

0.216,-0.975,0.275,-168.335,-37.964,-54.077

0.209,-0.974,0.302,-173.279,-38.025,-47.852

0.214,-0.970,0.336,-178.406,-37.109,-39.124

0.230,-0.964,0.375,-181.458,-34.729,-27.161

0.249,-0.963,0.430,-181.824,-30.579,-14.587

0.269,-0.956,0.481,-180.359,-26.489,-5.859

0.287,-0.966,0.524,-175.598,-23.376,-1.526

0.299,-0.981,0.564,-169.250,-22.705,-1.099

0.298,-0.990,0.591,-161.438,-23.560,-4.150

0.292,-0.990,0.609,-152.466,-24.414,-8.911

0.284,-0.989,0.621,-141.968,-24.170,-11.658

0.284,-0.982,0.632,-130.920,-22.705,-10.986

0.288,-0.965,0.639,-119.568,-20.020,-7.874

0.298,-0.943,0.651,-109.802,-17.212,-4.395

0.308,-0.926,0.671,-102.173,-14.893,-2.136

0.316,-0.915,0.696,-96.619,-13.123,-1.831

0.314,-0.916,0.721,-92.407,-12.268,-3.418

0.306,-0.935,0.745,-88.989,-13.123,-6.531

0.297,-0.965,0.769,-85.571,-13.367,-9.644

0.289,-0.995,0.792,-82.947,-12.085,-12.451

0.278,-1.025,0.816,-78.308,-10.437,-13.916

0.269,-1.044,0.844,-72.266,-8.240,-13.733

0.259,-1.058,0.853,-64.331,-6.104,-12.512

0.249,-1.067,0.851,-55.176,-4.517,-10.437

0.239,-1.064,0.852,-46.936,-2.930,-7.874

0.239,-1.059,0.848,-40.161,-2.380,-5.249

0.240,-1.057,0.833,-34.241,-2.869,-3.662

0.245,-1.050,0.819,-29.236,-3.296,-2.441

0.249,-1.041,0.810,-25.085,-2.991,-1.709

0.254,-1.035,0.795,-21.057,-3.174,-1.221

0.258,-1.025,0.788,-17.212,-3.235,-0.977

0.262,-1.016,0.784,-14.099,-2.563,-0.854

0.265,-1.013,0.779,-10.925,-2.319,-0.793

0.267,-1.007,0.776,-8.362,-2.136,-0.977

0.266,-1.004,0.777,-6.104,-2.075,-1.953

0.264,-1.002,0.792,-4.089,-2.136,-2.869

0.266,-1.012,0.808,-2.563,-2.319,-3.540

0.266,-1.035,0.823,-0.183,-1.953,-3.662

0.266,-1.052,0.849,2.747,-0.671,-2.808

0.273,-1.076,0.878,6.531,1.282,-1.404

0.281,-1.106,0.909,10.559,3.784,0.244

0.287,-1.128,0.940,16.174,7.202,2.014

0.291,-1.151,0.983,23.071,11.230,3.723

0.290,-1.179,1.026,30.334,14.709,4.456

0.293,-1.229,1.089,36.987,18.066,5.066

0.297,-1.283,1.144,44.006,22.766,7.812

0.294,-1.324,1.179,54.382,27.710,12.146

0.293,-1.344,1.192,67.993,33.508,16.968

0.289,-1.348,1.180,83.801,39.978,23.437

0.281,-1.334,1.165,98.877,46.021,30.334

0.282,-1.323,1.148,111.694,50.903,36.011

0.289,-1.325,1.144,123.352,53.772,39.551

0.297,-1.317,1.128,134.583,55.725,40.100

0.282,-1.310,1.109,147.522,55.908,38.879

0.269,-1.286,1.077,162.048,56.091,38.025

0.273,-1.282,1.029,177.429,55.725,39.185

0.290,-1.264,0.991,193.054,54.565,41.809



0.319,-1.197,0.940,223.755,52.979,42.969

0.327,-1.160,0.891,238.342,51.514,41.931

0.327,-1.111,0.827,252.808,49.377,40.894

0.324,-1.057,0.771,265.015,47.363,39.551

0.318,-1.007,0.722,274.963,45.105,38.147

0.313,-0.969,0.674,284.729,44.067,35.767

0.293,-0.933,0.627,293.945,43.213,33.936

0.267,-0.912,0.552,302.734,40.833,35.095

0.229,-0.865,0.483,307.922,39.978,39.856

0.191,-0.803,0.421,311.096,40.955,48.767

0.162,-0.730,0.349,314.087,43.823,61.707

0.151,-0.658,0.269,316.467,45.288,77.454

0.156,-0.601,0.201,314.697,45.410,92.957

0.169,-0.531,0.141,309.021,46.204,106.812

0.199,-0.486,0.083,304.260,48.462,117.676

0.232,-0.441,0.032,298.279,52.551,126.343

0.250,-0.399,-0.017,290.405,55.298,128.662

0.252,-0.370,-0.061,283.997,55.786,124.817

0.266,-0.347,-0.091,277.954,55.237,119.751

0.277,-0.323,-0.120,272.156,52.002,113.464

0.266,-0.315,-0.148,268.860,47.302,105.835

0.259,-0.308,-0.162,266.724,45.471,99.976

0.250,-0.285,-0.187,265.015,44.861,96.741

0.225,-0.244,-0.214,264.648,43.274,95.276

0.238,-0.214,-0.233,264.832,40.588,95.825

0.249,-0.183,-0.256,264.404,39.063,97.656

0.246,-0.145,-0.286,262.756,35.461,96.924

0.253,-0.089,-0.304,261.353,32.532,95.398

0.281,-0.053,-0.343,260.010,30.884,94.727

0.300,-0.008,-0.384,257.019,26.306,91.736

0.322,0.008,-0.407,253.235,23.132,87.036

0.340,0.023,-0.418,248.596,22.827,83.862

0.357,0.016,-0.415,244.568,23.865,81.238

0.362,0.026,-0.430,241.455,26.001,79.895

0.354,0.056,-0.439,238.708,26.367,77.820

0.353,0.092,-0.457,236.267,26.184,76.721

0.350,0.126,-0.469,233.948,25.330,77.026

0.338,0.176,-0.473,230.042,25.391,77.698

0.311,0.232,-0.470,226.196,25.574,79.346

0.295,0.298,-0.466,222.534,24.841,83.130

0.264,0.391,-0.473,218.689,23.437,87.891

0.233,0.518,-0.473,213.379,22.644,93.262

0.223,0.664,-0.475,206.482,23.376,99.487

0.188,0.826,-0.479,198.303,24.597,104.553

0.153,1.025,-0.475,187.805,26.917,104.553

0.130,1.278,-0.464,175.842,28.992,98.755

0.099,1.549,-0.461,165.527,28.625,87.036

0.063,1.822,-0.487,154.663,26.245,67.871

0.034,2.090,-0.557,142.090,20.386,42.908

0.017,2.307,-0.665,125.305,11.414,15.930

0.028,2.413,-0.813,102.234,2.380,-6.165

0.021,2.390,-0.947,68.237,-2.441,-19.348

-0.029,2.270,-0.930,22.034,2.258,-26.184

-0.097,2.138,-0.803,-29.663,13.733,-32.349

-0.122,1.950,-0.692,-73.730,15.747,-37.598

-0.138,1.718,-0.637,-104.980,6.042,-39.490

-0.106,1.453,-0.604,-129.089,-3.235,-38.574

-0.072,1.229,-0.544,-151.245,-6.775,-37.964

-0.047,1.035,-0.477,-169.678,-7.202,-38.879

-0.030,0.900,-0.442,-182.617,-10.437,-41.992

-0.023,0.804,-0.429,-190.063,-16.113,-44.800

-0.008,0.753,-0.429,-195.557,-21.545,-47.668

0.020,0.722,-0.442,-199.829,-26.184,-50.537

0.046,0.709,-0.459,-205.078,-31.311,-53.406

0.066,0.689,-0.468,-211.548,-36.194,-56.519

0.082,0.655,-0.468,-219.055,-39.856,-59.570

0.094,0.600,-0.444,-227.295,-43.030,-62.378

0.110,0.535,-0.414,-235.596,-44.739,-64.087

0.124,0.449,-0.372,-243.164,-46.509,-65.552

0.145,0.343,-0.322,-248.474,-47.546,-66.895

0.185,0.228,-0.287,-250.427,-48.279,-69.275

0.240,0.111,-0.259,-250.427,-50.476,-75.439

0.286,-0.025,-0.236,-248.352,-54.199,-85.449

0.308,-0.150,-0.244,-243.408,-57.617,-100.159

0.309,-0.272,-0.235,-236.694,-59.998,-118.408

0.286,-0.364,-0.227,-229.126,-61.279,-134.888

0.274,-0.418,-0.249,-221.436,-62.744,-148.254

0.266,-0.456,-0.285,-215.332,-66.895,-156.555

0.271,-0.477,-0.304,-212.830,-69.153,-159.546

0.294,-0.491,-0.312,-214.417,-68.970,-159.729

0.315,-0.517,-0.296,-219.666,-69.519,-160.400

0.324,-0.596,-0.231,-227.539,-69.092,-161.743

0.314,-0.694,-0.132,-235.840,-64.575,-162.720

0.277,-0.822,-0.038,-240.112,-59.204,-161.621

0.236,-0.961,0.049,-240.356,-54.565,-153.564

0.209,-1.069,0.131,-234.802,-46.936,-135.376

0.232,-1.111,0.148,-222.656,-37.598,-111.511

0.276,-1.143,0.105,-205.566,-34.973,-86.426

0.336,-1.127,0.062,-190.125,-37.048,-67.566

0.387,-1.067,0.009,-182.129,-43.701,-60.669

0.436,-1.045,-0.021,-178.833,-50.049,-60.425

0.471,-1.030,-0.056,-180.542,-52.246,-61.951

0.480,-1.026,-0.050,-188.965,-49.622,-66.711

0.466,-1.055,-0.009,-201.660,-46.082,-71.716

0.440,-1.080,0.062,-214.783,-41.443,-74.219

0.414,-1.108,0.144,-224.854,-35.645,-74.524

0.396,-1.141,0.217,-228.760,-31.067,-72.144

0.383,-1.194,0.281,-225.525,-27.527,-66.650

0.368,-1.252,0.359,-217.407,-22.461,-59.875

0.361,-1.297,0.416,-204.041,-15.991,-53.040

0.359,-1.311,0.426,-184.631,-11.230,-46.265

0.350,-1.307,0.406,-163.940,-10.620,-42.053

0.331,-1.282,0.366,-146.301,-13.000,-42.114

0.305,-1.244,0.317,-132.874,-17.090,-44.128

0.293,-1.206,0.267,-123.291,-20.081,-43.518

0.288,-1.164,0.232,-118.896,-21.484,-39.978

0.286,-1.126,0.218,-119.385,-21.545,-35.156

0.300,-1.094,0.220,-122.437,-21.057,-29.419

0.314,-1.066,0.229,-127.747,-21.057,-23.315

0.326,-1.039,0.241,-134.033,-22.644,-19.409

0.330,-1.011,0.257,-140.808,-25.330,-17.883

0.328,-0.988,0.282,-146.790,-27.771,-18.005

0.323,-0.981,0.309,-151.978,-29.846,-19.714

0.310,-0.982,0.345,-155.273,-32.410,-21.545

0.300,-0.977,0.386,-157.166,-33.752,-21.118

0.308,-0.986,0.420,-156.860,-32.349,-18.555

0.312,-0.972,0.463,-155.823,-31.555,-16.174

0.304,-0.966,0.499,-153.198,-32.837,-14.038

0.314,-0.977,0.531,-148.315,-33.203,-10.986



0.357,-1.228,1.171,-10.803,10.925,-9.338

0.362,-1.282,1.270,0.610,18.677,-9.399

0.367,-1.363,1.333,17.822,25.940,-9.216

0.365,-1.413,1.383,36.194,31.799,-9.399

0.359,-1.490,1.457,54.077,39.307,-10.315

0.326,-1.550,1.517,74.402,46.021,-10.254

0.291,-1.606,1.571,97.229,51.208,-8.545

0.253,-1.632,1.620,122.864,56.091,-3.113

0.218,-1.625,1.687,152.710,62.317,3.479

0.201,-1.632,1.726,189.514,68.848,11.414

0.176,-1.631,1.686,232.605,72.998,21.973

0.157,-1.598,1.572,274.658,73.364,34.302

0.151,-1.526,1.414,310.486,72.388,48.706

0.150,-1.415,1.266,336.121,72.205,59.875

0.146,-1.228,1.173,350.647,69.885,63.660

0.204,-1.114,1.004,362.915,62.927,61.157

0.249,-1.042,0.810,369.324,53.162,56.213

0.260,-0.961,0.682,360.291,49.072,49.316

0.253,-0.888,0.608,344.604,51.575,45.837

0.248,-0.854,0.546,331.116,56.641,50.964

0.222,-0.847,0.501,320.007,62.256,61.951

0.205,-0.821,0.473,311.523,68.359,73.914

0.195,-0.799,0.427,309.753,72.205,85.876

0.194,-0.769,0.375,312.378,71.716,96.497

0.199,-0.727,0.301,315.735,69.397,102.112

0.167,-0.618,0.250,318.726,63.354,102.783

0.152,-0.558,0.153,323.792,55.298,104.492

0.137,-0.482,0.076,323.242,47.852,107.971

0.108,-0.388,0.000,317.627,41.626,111.816

0.101,-0.298,-0.087,311.035,37.170,120.544

0.121,-0.240,-0.144,299.927,36.560,131.042

0.154,-0.209,-0.173,286.194,35.767,138.794

0.158,-0.174,-0.196,273.376,33.081,141.418

0.181,-0.157,-0.199,263.489,30.701,141.724

0.218,-0.147,-0.201,256.958,28.503,140.808

0.224,-0.135,-0.213,252.686,25.146,135.986

0.223,-0.096,-0.221,250.122,21.729,129.639

0.244,-0.064,-0.269,249.451,19.714,125.916

0.245,-0.039,-0.301,246.277,17.456,123.779

0.252,0.003,-0.320,240.662,17.334,122.620

0.265,0.035,-0.338,235.229,19.531,122.803

0.295,0.031,-0.370,231.567,20.508,123.352

0.298,0.051,-0.387,225.708,20.325,123.413

0.294,0.090,-0.400,220.093,20.264,121.765

0.347,0.103,-0.410,216.125,21.240,120.605

0.361,0.094,-0.408,212.158,19.714,118.896

0.352,0.085,-0.421,209.351,17.944,114.319

0.399,0.045,-0.433,205.750,17.700,111.755

0.405,0.003,-0.420,200.073,18.982,114.441

0.382,-0.001,-0.407,194.824,21.057,118.469

0.408,0.007,-0.412,191.650,23.254,123.535

0.424,0.021,-0.381,190.247,24.597,129.822

0.422,0.083,-0.373,190.430,25.879,132.263

0.404,0.182,-0.376,190.613,28.503,130.432

0.393,0.307,-0.380,189.880,32.227,129.150

0.331,0.448,-0.385,187.683,35.339,128.662

0.250,0.650,-0.389,183.594,40.649,127.319

0.187,0.845,-0.428,178.894,46.570,126.648

0.120,1.062,-0.440,170.654,50.781,124.451

0.057,1.337,-0.379,157.837,56.763,112.915

-0.007,1.658,-0.332,147.583,63.110,88.562

-0.099,1.995,-0.341,140.503,64.331,52.551

-0.210,2.328,-0.419,131.531,59.021,9.705

-0.287,2.574,-0.558,118.103,48.218,-29.968

-0.333,2.678,-0.748,97.046,32.104,-58.105

-0.377,2.604,-0.926,63.660,18.433,-68.237

-0.394,2.371,-0.963,15.747,15.015,-61.584

-0.356,2.086,-0.851,-39.368,18.677,-46.875

-0.322,1.706,-0.731,-85.754,13.428,-27.405

-0.265,1.348,-0.604,-119.873,3.479,-12.024

-0.198,1.052,-0.493,-142.944,-3.784,-5.249

-0.115,0.808,-0.420,-152.527,-11.292,-4.150

-0.046,0.645,-0.418,-150.330,-19.775,-7.996

-0.001,0.577,-0.449,-142.944,-29.663,-19.043

0.034,0.586,-0.492,-134.583,-37.903,-32.104

0.074,0.621,-0.548,-128.235,-43.823,-44.250

0.092,0.667,-0.594,-127.258,-47.241,-53.589

0.095,0.708,-0.604,-131.958,-47.302,-60.547

0.105,0.720,-0.598,-139.587,-47.791,-64.209

0.128,0.706,-0.569,-148.376,-49.622,-64.209

0.164,0.682,-0.521,-156.677,-50.720,-62.500

0.228,0.641,-0.514,-161.743,-52.368,-61.218

0.285,0.587,-0.525,-165.222,-53.955,-62.683

0.347,0.542,-0.525,-171.265,-52.795,-70.618

0.385,0.491,-0.500,-178.284,-50.598,-84.351

0.395,0.417,-0.490,-182.800,-48.706,-101.379

0.394,0.320,-0.479,-186.707,-46.753,-119.568

0.370,0.224,-0.462,-191.956,-44.067,-136.902

0.331,0.134,-0.430,-197.876,-40.466,-152.161

0.292,-0.020,-0.388,-202.087,-37.720,-162.292

0.253,-0.171,-0.347,-205.566,-35.706,-164.795

0.222,-0.301,-0.293,-208.252,-33.875,-160.583

0.219,-0.389,-0.275,-206.360,-31.372,-149.475

0.230,-0.438,-0.296,-200.378,-31.616,-135.437

0.257,-0.450,-0.342,-194.946,-35.339,-124.207

0.296,-0.448,-0.391,-192.017,-39.795,-117.188

0.318,-0.440,-0.425,-193.726,-42.908,-115.295

0.323,-0.445,-0.435,-199.890,-45.349,-115.662

0.319,-0.496,-0.401,-209.290,-46.387,-114.380

0.313,-0.579,-0.319,-219.971,-45.654,-109.070

0.317,-0.660,-0.225,-227.844,-44.250,-98.877

0.320,-0.766,-0.127,-229.614,-44.617,-84.839

0.329,-0.838,-0.058,-224.182,-43.457,-67.078

0.376,-0.874,-0.041,-211.487,-41.321,-49.011

0.428,-0.873,-0.051,-197.449,-40.894,-34.424

0.476,-0.864,-0.104,-184.265,-44.128,-28.870

0.508,-0.829,-0.149,-177.673,-48.401,-32.410

0.523,-0.813,-0.170,-176.086,-52.612,-40.466

0.559,-0.789,-0.177,-182.800,-53.833,-45.959

0.579,-0.774,-0.162,-189.392,-53.040,-50.476

0.598,-0.758,-0.144,-198.730,-52.490,-55.847

0.609,-0.770,-0.092,-207.825,-51.208,-63.171

0.594,-0.834,0.019,-215.881,-49.255,-71.472

0.580,-0.938,0.139,-216.492,-43.579,-78.308

0.555,-1.046,0.250,-207.703,-38.452,-83.374

0.527,-1.136,0.307,-190.552,-35.217,-85.999

0.503,-1.175,0.286,-168.274,-33.752,-85.815

0.482,-1.160,0.235,-148.621,-32.715,-82.764

0.469,-1.135,0.185,-136.169,-29.907,-77.576



0.506,-1.625,0.755,-82.275,-0.854,43.640

0.594,-1.688,0.852,-61.768,4.761,49.500

0.667,-1.730,0.890,-32.776,9.521,49.988

0.697,-1.732,0.875,-2.258,12.390,44.312

0.694,-1.689,0.826,25.208,12.451,34.973

0.677,-1.626,0.765,47.974,10.315,25.391

0.667,-1.579,0.716,63.660,7.996,17.578

0.652,-1.566,0.686,73.120,8.545,12.512

0.639,-1.566,0.689,80.139,13.062,10.742

0.634,-1.585,0.730,86.792,18.799,10.559

0.625,-1.625,0.788,94.177,24.170,9.155

0.596,-1.676,0.835,105.896,28.809,5.798

0.566,-1.727,0.891,121.643,32.959,2.686

0.539,-1.775,0.961,137.268,36.682,0.305

0.486,-1.823,1.028,156.006,40.771,-0.793

0.443,-1.850,1.082,181.091,46.204,0.427

0.387,-1.844,1.105,208.679,49.805,5.249

0.326,-1.821,1.119,235.107,50.842,12.573

0.293,-1.809,1.106,262.573,51.636,22.644

0.260,-1.791,1.093,287.659,51.331,35.583

0.222,-1.725,1.068,310.120,53.101,49.011

0.215,-1.614,0.983,333.862,53.284,64.087

0.205,-1.459,0.869,356.628,51.697,77.271

0.197,-1.280,0.720,373.047,48.462,84.473

0.163,-1.102,0.553,383.545,42.419,88.684

0.121,-0.930,0.417,384.766,38.513,95.398

0.098,-0.776,0.331,375.916,39.307,107.971

0.073,-0.626,0.252,363.342,41.504,124.451

0.069,-0.488,0.200,349.609,44.434,143.127

0.098,-0.384,0.171,335.449,48.401,162.354

0.109,-0.278,0.152,322.693,51.086,175.049

0.109,-0.152,0.119,313.354,51.575,180.359

0.111,-0.036,0.064,307.251,49.072,181.824

0.111,0.057,0.016,299.866,45.898,180.115

0.101,0.155,-0.013,290.833,42.969,176.514

0.089,0.256,-0.055,282.532,40.771,173.096

0.079,0.354,-0.108,274.231,39.734,170.471

0.082,0.434,-0.158,264.099,41.382,168.884

0.097,0.487,-0.190,253.174,43.030,166.138

0.110,0.517,-0.215,242.432,42.236,158.936

0.110,0.547,-0.223,232.178,39.795,148.499

0.113,0.565,-0.245,223.389,36.804,138.306

0.122,0.579,-0.283,216.003,34.424,129.272

0.131,0.590,-0.321,207.825,32.349,120.483

0.130,0.610,-0.369,199.036,30.090,111.633

0.139,0.623,-0.418,190.491,26.550,103.333

0.159,0.602,-0.470,181.274,23.315,97.412

0.165,0.594,-0.501,171.021,21.423,93.689

0.166,0.601,-0.515,160.950,19.592,91.736

0.193,0.600,-0.548,152.588,17.090,90.881

0.227,0.598,-0.577,144.958,14.709,90.271

0.264,0.598,-0.590,136.597,13.855,88.867

0.297,0.592,-0.601,128.662,13.672,85.815

0.316,0.576,-0.607,122.375,13.550,81.482

0.329,0.562,-0.605,116.577,14.221,76.538

0.323,0.559,-0.613,112.000,15.137,71.960

0.337,0.532,-0.621,108.032,15.503,68.115

0.334,0.527,-0.630,104.431,15.259,66.284

0.326,0.543,-0.635,101.257,13.733,64.209

0.355,0.547,-0.639,97.778,12.695,63.477

0.382,0.539,-0.639,94.299,13.489,63.477

0.398,0.555,-0.626,90.942,14.832,61.768

0.431,0.570,-0.636,89.233,15.686,58.350

0.450,0.564,-0.653,87.708,17.029,54.138

0.433,0.580,-0.655,85.388,20.203,50.659

0.410,0.620,-0.644,82.153,23.560,46.753

0.359,0.681,-0.620,79.956,25.574,42.847

0.313,0.769,-0.590,78.979,27.893,38.818

0.263,0.877,-0.589,79.407,28.259,33.386

0.224,0.986,-0.607,78.186,27.893,26.062

0.181,1.103,-0.608,73.486,28.442,17.029

0.128,1.217,-0.620,67.383,26.550,7.568

0.087,1.330,-0.646,59.692,23.865,-0.732

0.072,1.406,-0.683,49.744,19.897,-6.226

0.074,1.474,-0.723,36.438,15.808,-9.705

0.074,1.502,-0.738,19.287,14.587,-12.085

0.048,1.512,-0.696,-1.038,16.724,-15.198

0.023,1.507,-0.618,-21.423,19.043,-22.217

-0.011,1.506,-0.557,-38.086,16.846,-32.959

-0.037,1.516,-0.545,-51.514,12.573,-46.936

-0.035,1.516,-0.583,-63.293,6.226,-61.218

-0.008,1.488,-0.636,-76.660,-0.671,-72.693

0.039,1.421,-0.665,-94.116,-4.150,-80.505

0.075,1.353,-0.635,-115.540,-3.723,-86.365

0.090,1.297,-0.575,-137.573,-1.404,-93.567

0.085,1.241,-0.544,-156.372,-0.488,-102.539

0.058,1.204,-0.521,-173.340,-0.122,-113.464

0.005,1.160,-0.485,-188.599,-1.099,-122.986

-0.045,1.100,-0.462,-200.745,-2.319,-127.869

-0.092,1.011,-0.443,-210.815,-5.005,-128.418

-0.126,0.929,-0.436,-219.788,-9.460,-124.146

-0.137,0.853,-0.430,-229.980,-15.198,-114.868

-0.124,0.774,-0.432,-240.051,-21.423,-102.112

-0.099,0.676,-0.426,-250.305,-27.649,-88.562

-0.060,0.554,-0.401,-260.498,-32.654,-76.843

-0.012,0.401,-0.366,-269.348,-37.598,-67.749

0.029,0.245,-0.297,-276.794,-43.152,-61.340

0.092,0.052,-0.225,-279.175,-47.607,-58.899

0.126,-0.134,-0.172,-274.780,-52.002,-60.120

0.151,-0.280,-0.141,-265.076,-57.373,-65.002

0.172,-0.378,-0.125,-249.756,-65.491,-72.815

0.199,-0.442,-0.136,-229.797,-72.632,-81.055

0.221,-0.462,-0.194,-210.571,-82.031,-89.417

0.249,-0.478,-0.260,-197.815,-92.834,-95.947

0.292,-0.486,-0.273,-194.641,-97.412,-97.168

0.346,-0.497,-0.256,-198.181,-97.717,-96.558

0.398,-0.530,-0.217,-204.651,-97.961,-96.436

0.453,-0.575,-0.170,-212.402,-96.558,-98.083

0.477,-0.661,-0.106,-219.910,-94.604,-101.807

0.492,-0.735,-0.029,-224.792,-90.332,-105.774

0.500,-0.810,0.024,-224.182,-86.060,-108.215

0.497,-0.864,0.067,-219.788,-84.229,-108.154

0.504,-0.898,0.105,-211.975,-83.191,-106.079

0.529,-0.947,0.104,-202.026,-83.496,-103.821

0.565,-0.958,0.077,-194.214,-83.862,-100.403

0.584,-1.004,0.075,-188.843,-82.336,-98.450

0.614,-1.004,0.071,-193.176,-79.468,-96.558

0.639,-1.011,0.080,-194.458,-74.646,-95.520

0.651,-1.026,0.088,-196.716,-70.129,-96.741



0.427,-1.149,1.260,-77.271,-15.808,3.357

0.467,-1.244,1.401,-71.960,-14.038,1.770

0.528,-1.387,1.579,-61.401,-7.141,-0.427

0.588,-1.510,1.736,-41.321,4.456,-1.892

0.603,-1.626,1.867,-10.254,19.287,-3.052

0.596,-1.685,1.929,31.006,37.170,-2.319

0.537,-1.675,1.983,72.388,51.392,2.014

0.499,-1.641,2.054,108.215,63.965,8.240

0.500,-1.646,2.073,142.578,77.454,15.930

0.487,-1.651,2.060,177.917,88.379,23.743

0.471,-1.647,2.054,211.243,100.952,31.555

0.445,-1.645,2.053,243.286,116.882,43.518

0.423,-1.662,2.047,274.414,133.789,58.594

0.383,-1.693,2.080,304.321,147.583,72.754

0.346,-1.728,2.091,337.341,158.264,85.388

0.319,-1.662,2.038,374.939,164.673,95.154

0.284,-1.469,1.951,412.598,163.513,98.572

0.275,-1.220,1.800,445.801,155.945,95.520

0.236,-0.980,1.583,471.924,144.287,89.294

0.190,-0.723,1.316,489.990,132.568,84.961

0.151,-0.501,1.040,497.620,125.854,86.609

0.102,-0.302,0.791,495.239,122.375,94.971

0.082,-0.130,0.534,484.680,122.070,106.689

0.035,-0.015,0.340,464.172,122.070,119.019

0.023,0.067,0.209,435.486,121.887,130.127

0.016,0.094,0.125,404.358,119.812,137.878

0.008,0.092,0.090,375.183,113.647,140.381

-0.003,0.104,0.052,352.051,106.323,138.245

-0.016,0.134,0.012,334.351,98.267,134.277

-0.034,0.132,-0.021,319.702,90.576,130.371

-0.046,0.119,-0.051,308.105,84.839,127.441

-0.065,0.121,-0.083,296.692,77.881,124.329

-0.086,0.138,-0.119,286.499,69.092,121.948

-0.083,0.160,-0.172,277.954,60.791,122.131

-0.071,0.181,-0.238,270.508,51.636,122.742

-0.050,0.210,-0.301,262.756,42.358,122.620

-0.008,0.245,-0.358,254.089,34.912,123.047

0.036,0.250,-0.389,244.507,28.809,123.535

0.094,0.219,-0.396,235.229,26.672,123.535

0.145,0.170,-0.401,226.746,27.039,122.864

0.173,0.143,-0.387,218.750,25.452,119.873

0.191,0.151,-0.375,214.050,23.682,114.563

0.195,0.193,-0.393,212.891,20.996,109.314

0.201,0.242,-0.436,213.196,17.334,105.103

0.222,0.273,-0.465,211.060,15.259,103.455

0.246,0.312,-0.486,206.665,14.038,103.271

0.290,0.323,-0.501,202.393,11.047,102.295

0.339,0.322,-0.497,197.083,10.254,100.708

0.374,0.341,-0.491,190.979,11.169,96.436

0.401,0.310,-0.483,186.646,12.329,92.041

0.408,0.300,-0.472,182.678,15.381,89.844

0.387,0.331,-0.460,178.711,18.250,88.318

0.387,0.357,-0.449,176.514,19.409,87.769

0.390,0.385,-0.475,176.086,19.531,87.219

0.371,0.445,-0.501,174.377,17.883,85.693

0.362,0.544,-0.517,168.518,17.395,82.703

0.335,0.610,-0.545,161.560,18.127,81.482

0.295,0.666,-0.547,151.917,19.226,80.261

0.252,0.735,-0.524,140.442,22.400,79.224

0.256,0.794,-0.474,128.296,26.367,76.904

0.201,0.864,-0.403,118.774,28.198,73.730

0.162,0.955,-0.348,112.793,31.921,66.711

0.108,1.089,-0.279,109.802,32.532,57.434

0.069,1.283,-0.279,109.009,30.579,44.312

0.043,1.499,-0.328,107.483,25.757,28.198

0.033,1.737,-0.397,100.220,20.447,11.902

0.035,1.950,-0.477,86.304,17.456,-3.357

0.033,2.112,-0.551,65.063,16.418,-17.212

0.046,2.181,-0.589,37.720,16.602,-29.419

0.024,2.182,-0.567,5.859,18.311,-39.001

0.001,2.135,-0.498,-28.992,24.048,-48.767

-0.027,2.066,-0.419,-63.782,28.870,-60.059

-0.032,1.963,-0.388,-94.177,28.076,-71.533

-0.009,1.818,-0.396,-119.751,23.926,-81.848

0.016,1.676,-0.365,-142.273,19.836,-89.294

0.032,1.478,-0.365,-160.400,17.029,-93.201

0.033,1.300,-0.358,-176.147,16.296,-97.290

0.023,1.152,-0.330,-193.298,16.357,-102.661

0.005,1.029,-0.284,-209.839,16.235,-107.605

-0.031,0.935,-0.252,-223.694,15.076,-110.474

-0.065,0.864,-0.239,-233.643,12.390,-109.741

-0.096,0.801,-0.243,-239.441,8.179,-104.797

-0.110,0.731,-0.261,-242.249,1.587,-96.558

-0.105,0.655,-0.281,-243.774,-6.592,-87.524

-0.086,0.571,-0.284,-245.605,-14.526,-78.003

-0.048,0.476,-0.276,-246.704,-20.752,-68.787

-0.001,0.393,-0.252,-246.582,-27.588,-63.721

0.054,0.312,-0.251,-243.286,-36.682,-65.491

0.099,0.238,-0.272,-238.464,-46.570,-72.327

0.146,0.183,-0.288,-235.229,-52.917,-83.191

0.189,0.144,-0.309,-234.802,-55.054,-96.558

0.220,0.084,-0.319,-237.000,-55.847,-110.718

0.245,-0.003,-0.318,-241.272,-56.702,-124.878

0.237,-0.148,-0.271,-248.047,-56.946,-138.733

0.189,-0.304,-0.172,-255.981,-52.429,-147.888

0.150,-0.439,-0.082,-258.789,-45.898,-150.452

0.120,-0.529,-0.042,-254.395,-46.204,-146.423

0.130,-0.568,-0.054,-245.972,-53.162,-139.099

0.171,-0.591,-0.078,-239.136,-62.317,-130.066

0.243,-0.570,-0.098,-236.633,-69.092,-122.192

0.346,-0.571,-0.102,-239.075,-73.608,-114.807

0.439,-0.601,-0.065,-246.582,-75.195,-110.962

0.505,-0.693,0.038,-256.470,-72.144,-113.831

0.517,-0.835,0.163,-263.489,-66.467,-122.375

0.506,-1.045,0.286,-263.245,-59.143,-128.784

0.460,-1.232,0.440,-256.226,-46.570,-127.502

0.400,-1.326,0.500,-237.244,-30.640,-116.760

0.353,-1.338,0.433,-208.984,-24.170,-100.037

0.345,-1.267,0.310,-180.176,-27.649,-82.520

0.367,-1.154,0.154,-160.706,-34.363,-68.054

0.410,-1.075,0.072,-153.442,-37.231,-58.105

0.464,-1.064,0.013,-153.076,-37.964,-53.101

0.503,-1.097,0.019,-159.058,-35.828,-55.725

0.493,-1.186,0.080,-168.335,-33.081,-66.711

0.442,-1.310,0.189,-174.255,-28.503,-78.125

0.382,-1.430,0.296,-171.997,-21.667,-85.510

0.310,-1.509,0.357,-159.485,-17.212,-85.571

0.271,-1.517,0.350,-139.648,-14.832,-77.209

0.261,-1.448,0.269,-118.225,-17.456,-64.331



0.532,-1.647,0.546,52.795,39.917,61.707

0.567,-1.713,0.560,67.078,44.983,70.862

0.584,-1.731,0.531,81.604,48.584,80.200

0.648,-1.814,0.596,97.656,51.636,85.388

0.691,-1.778,0.584,114.929,57.068,84.778

0.693,-1.786,0.577,134.033,56.396,73.730

0.682,-1.787,0.551,152.588,55.420,64.758

0.663,-1.741,0.539,169.373,58.777,58.655

0.641,-1.710,0.523,185.181,64.880,57.739

0.596,-1.683,0.499,199.829,68.726,60.425

0.566,-1.645,0.486,212.097,70.374,63.721

0.558,-1.613,0.459,224.243,70.740,68.176

0.545,-1.568,0.420,236.328,70.923,73.792

0.557,-1.527,0.403,245.850,72.021,79.102

0.576,-1.494,0.399,255.554,74.280,83.069

0.561,-1.436,0.369,265.808,76.416,83.557

0.507,-1.359,0.318,275.391,78.003,82.642

0.468,-1.255,0.266,282.898,77.942,84.656

0.435,-1.161,0.228,288.513,77.576,88.623

0.380,-1.061,0.188,291.626,77.515,93.201

0.311,-0.927,0.165,293.091,76.111,99.731

0.257,-0.791,0.122,294.922,73.547,109.985

0.224,-0.679,0.079,295.349,71.167,122.620

0.179,-0.555,0.075,292.053,69.641,134.521

0.152,-0.454,0.066,289.734,66.833,143.677

0.145,-0.368,0.052,289.368,62.378,150.696

0.122,-0.258,0.047,287.598,58.044,153.076

0.087,-0.141,0.014,287.170,53.528,152.039

0.051,-0.042,-0.027,286.438,47.791,150.574

0.017,0.067,-0.062,282.043,42.297,149.597

-0.013,0.160,-0.099,276.245,37.415,149.536

-0.021,0.229,-0.125,268.188,33.264,151.123

-0.023,0.284,-0.145,259.338,30.762,152.466

-0.028,0.336,-0.150,250.427,28.870,151.672

-0.038,0.378,-0.154,243.347,24.841,150.024

-0.021,0.425,-0.181,238.586,20.508,147.827

0.001,0.485,-0.203,232.910,15.991,143.555

0.023,0.523,-0.223,225.830,12.817,137.085

0.035,0.557,-0.240,218.872,11.169,129.333

0.039,0.578,-0.256,211.243,9.094,120.789

0.051,0.592,-0.271,203.430,8.057,112.732

0.055,0.613,-0.294,195.740,7.446,105.530

0.068,0.632,-0.321,187.927,4.517,99.731

0.080,0.668,-0.338,179.138,1.953,95.093

0.104,0.699,-0.370,170.471,-0.366,90.942

0.138,0.713,-0.381,160.645,-1.038,88.013

0.175,0.695,-0.393,151.245,-0.854,85.876

0.198,0.674,-0.407,143.494,-1.648,83.008

0.234,0.637,-0.413,136.353,-1.526,79.529

0.254,0.607,-0.418,131.165,-0.183,76.782

0.270,0.609,-0.449,127.686,0.549,73.120

0.296,0.600,-0.489,124.146,-0.732,70.129

0.306,0.594,-0.520,118.347,-0.977,68.665

0.293,0.612,-0.539,110.657,0.122,68.726

0.288,0.660,-0.558,101.685,2.380,68.726

0.301,0.705,-0.557,91.492,3.906,69.153

0.314,0.739,-0.516,81.787,5.920,69.824

0.317,0.816,-0.448,72.876,11.353,66.040

0.293,0.982,-0.389,66.101,16.968,54.443

0.271,1.157,-0.334,63.477,20.996,35.645

0.241,1.362,-0.326,63.232,26.245,15.259

0.196,1.567,-0.336,60.242,32.227,-6.470

0.142,1.744,-0.346,51.941,37.476,-27.771

0.081,1.871,-0.362,39.368,41.748,-45.227

0.000,1.973,-0.354,21.240,44.373,-57.800

-0.106,2.068,-0.354,0.000,47.424,-67.810

-0.208,2.140,-0.372,-23.193,47.668,-76.355

-0.274,2.166,-0.405,-47.852,41.199,-83.496

-0.290,2.119,-0.437,-75.073,30.823,-88.196

-0.263,2.018,-0.441,-103.943,23.560,-88.745

-0.210,1.869,-0.415,-133.179,20.569,-86.914

-0.162,1.714,-0.347,-159.607,17.029,-86.792

-0.149,1.521,-0.305,-180.298,11.108,-90.393

-0.164,1.355,-0.228,-199.890,8.911,-99.915

-0.197,1.205,-0.144,-216.187,7.629,-108.948

-0.235,1.054,-0.080,-227.234,4.211,-114.624

-0.254,0.914,-0.055,-234.253,-1.282,-115.417

-0.260,0.784,-0.063,-236.938,-9.460,-112.000

-0.242,0.678,-0.072,-240.112,-18.677,-105.530

-0.194,0.565,-0.089,-242.493,-28.015,-97.412

-0.127,0.458,-0.099,-244.019,-38.147,-90.149

-0.043,0.359,-0.104,-245.667,-46.570,-89.233

0.034,0.270,-0.116,-245.178,-53.162,-96.069

0.089,0.198,-0.126,-243.835,-57.434,-110.779

0.120,0.139,-0.129,-241.455,-60.486,-130.981

0.138,0.094,-0.147,-237.061,-61.584,-155.396

0.157,0.070,-0.203,-232.056,-63.416,-181.519

0.137,-0.041,-0.230,-231.384,-65.735,-206.299

0.050,-0.235,-0.127,-238.708,-59.387,-219.788

0.014,-0.432,-0.017,-244.568,-47.180,-216.248

0.044,-0.602,0.008,-242.493,-46.326,-200.684

0.127,-0.718,0.000,-238.708,-52.612,-185.547

0.208,-0.805,-0.001,-236.938,-59.509,-173.462

0.299,-0.899,0.002,-236.755,-62.439,-162.537

0.361,-1.017,0.011,-237.671,-61.340,-149.658

0.420,-1.175,0.063,-241.943,-55.786,-132.996

0.455,-1.344,0.145,-241.760,-46.204,-116.028

0.495,-1.345,0.202,-241.943,-39.856,-98.511

0.523,-1.311,0.150,-224.670,-44.617,-82.397

0.615,-1.263,0.069,-208.618,-49.805,-69.153

0.714,-1.255,0.009,-197.510,-47.791,-60.974

0.752,-1.235,-0.023,-192.749,-40.710,-64.026

0.764,-1.220,-0.027,-190.613,-34.485,-75.256

0.753,-1.244,-0.050,-186.218,-29.541,-89.172

0.684,-1.260,-0.050,-182.922,-22.827,-105.225

0.581,-1.266,-0.030,-180.176,-15.930,-118.164

0.466,-1.359,-0.022,-174.377,-11.108,-119.751

0.378,-1.367,0.004,-169.128,-5.127,-112.976

0.325,-1.330,0.002,-161.072,-2.258,-100.891

0.315,-1.292,-0.040,-149.048,-5.554,-86.365

0.332,-1.239,-0.093,-138.794,-10.132,-74.402

0.343,-1.180,-0.135,-133.667,-14.282,-67.078

0.358,-1.136,-0.160,-132.690,-18.372,-62.073

0.383,-1.113,-0.164,-135.925,-20.386,-58.289

0.398,-1.099,-0.142,-142.151,-20.752,-56.152

0.412,-1.122,-0.069,-148.926,-20.386,-54.810

0.406,-1.207,0.052,-152.161,-18.127,-53.406

0.399,-1.279,0.144,-148.132,-14.526,-50.964

0.385,-1.338,0.199,-136.719,-13.977,-45.593



0.671,-1.742,0.476,33.997,26.733,29.724

0.715,-1.924,0.572,44.373,33.325,31.494

0.741,-2.069,0.688,57.678,38.818,30.151

0.754,-2.200,0.775,77.881,45.898,27.039

0.747,-2.288,0.840,104.248,50.964,21.973

0.698,-2.306,0.850,132.812,53.223,13.977

0.645,-2.300,0.841,161.865,53.467,5.859

0.563,-2.222,0.794,188.232,53.345,-0.061

0.466,-2.148,0.747,212.097,53.040,-0.244

0.378,-2.039,0.691,232.056,54.871,9.766

0.293,-1.914,0.649,248.352,57.373,27.710

0.245,-1.781,0.597,263.672,58.533,52.490

0.224,-1.671,0.551,275.330,59.387,79.590

0.179,-1.536,0.536,282.349,61.768,104.980

0.120,-1.373,0.507,290.161,64.087,129.333

0.086,-1.218,0.464,299.316,64.026,154.968

0.070,-1.075,0.439,305.420,63.538,178.467

0.058,-0.931,0.415,309.631,64.087,198.853

0.052,-0.780,0.396,311.584,64.392,215.332

0.042,-0.651,0.372,314.819,65.735,229.492

0.014,-0.500,0.335,317.566,67.688,237.122

-0.019,-0.338,0.308,319.519,67.749,238.831

-0.029,-0.207,0.265,322.266,65.369,239.075

-0.055,-0.091,0.209,323.242,59.875,238.037

-0.094,0.010,0.160,321.228,54.993,236.694

-0.124,0.107,0.108,316.589,53.589,234.497

-0.157,0.194,0.052,310.059,51.575,231.262

-0.177,0.271,0.016,300.781,48.767,226.746

-0.200,0.329,-0.022,291.077,43.213,222.534

-0.178,0.382,-0.040,280.762,38.269,217.285

-0.154,0.435,-0.040,270.081,34.851,211.548

-0.121,0.487,-0.061,261.536,33.264,201.904

-0.080,0.538,-0.074,254.822,31.555,189.026

-0.049,0.588,-0.096,249.268,30.945,173.645

-0.041,0.636,-0.134,244.934,29.785,154.175

-0.030,0.690,-0.167,240.051,27.893,134.338

-0.021,0.739,-0.191,233.032,27.039,116.882

-0.021,0.772,-0.219,225.708,26.672,102.173

-0.026,0.810,-0.251,218.445,24.963,91.187

-0.014,0.845,-0.283,208.679,23.071,82.703

0.022,0.874,-0.307,196.533,21.790,76.294

0.075,0.910,-0.320,182.861,21.484,71.411

0.126,0.946,-0.343,170.105,20.691,68.481

0.180,0.966,-0.375,159.058,20.447,66.040

0.225,0.979,-0.404,148.193,21.118,62.622

0.260,0.991,-0.419,137.085,23.132,57.007

0.290,0.983,-0.433,126.892,24.170,50.720

0.299,0.997,-0.440,116.089,25.879,44.922

0.298,1.001,-0.417,104.370,30.457,37.903

0.287,1.017,-0.391,94.177,36.560,30.029

0.233,1.057,-0.355,86.914,41.138,19.653

0.180,1.125,-0.337,81.726,43.579,7.080

0.117,1.240,-0.352,77.026,43.091,-3.906

0.071,1.370,-0.373,70.068,39.368,-13.855

0.054,1.479,-0.426,61.157,35.950,-19.165

0.064,1.592,-0.474,47.058,31.189,-23.865

0.073,1.673,-0.510,28.748,28.564,-28.503

0.026,1.752,-0.500,6.714,31.616,-34.058

-0.042,1.824,-0.458,-17.761,36.865,-44.556

-0.127,1.864,-0.415,-39.124,36.011,-57.556

-0.219,1.910,-0.369,-59.265,29.724,-71.655

-0.261,1.926,-0.359,-79.285,21.912,-83.923

-0.257,1.897,-0.381,-99.243,12.573,-91.858

-0.207,1.821,-0.376,-120.789,5.981,-96.130

-0.138,1.698,-0.337,-143.250,3.357,-98.511

-0.070,1.587,-0.254,-164.490,3.906,-101.624

-0.031,1.456,-0.184,-180.115,3.967,-108.276

-0.016,1.317,-0.156,-189.819,1.831,-119.202

-0.015,1.203,-0.144,-199.524,-0.244,-133.606

-0.054,1.083,-0.135,-209.167,-3.418,-145.874

-0.085,0.953,-0.145,-218.567,-6.042,-150.635

-0.105,0.809,-0.144,-229.675,-9.033,-147.888

-0.102,0.685,-0.142,-243.042,-12.939,-140.137

-0.070,0.559,-0.144,-255.371,-17.761,-130.188

-0.021,0.423,-0.132,-265.808,-23.682,-122.009

0.045,0.275,-0.104,-272.705,-28.259,-117.126

0.131,0.111,-0.091,-274.536,-32.166,-117.249

0.197,-0.073,-0.088,-271.606,-35.828,-123.596

0.226,-0.250,-0.066,-266.846,-36.499,-135.986

0.231,-0.408,-0.047,-257.629,-35.889,-151.978

0.216,-0.505,-0.071,-244.080,-36.743,-167.419

0.180,-0.554,-0.124,-230.835,-39.856,-178.223

0.154,-0.574,-0.203,-221.191,-43.274,-179.016

0.173,-0.579,-0.249,-219.788,-46.143,-172.119

0.204,-0.596,-0.264,-224.487,-48.950,-159.607

0.250,-0.602,-0.250,-233.582,-49.683,-145.020

0.320,-0.621,-0.212,-244.263,-49.072,-131.592

0.401,-0.680,-0.182,-252.930,-47.974,-124.084

0.437,-0.752,-0.124,-260.071,-47.241,-125.610

0.414,-0.864,-0.008,-264.709,-44.922,-131.592

0.357,-0.944,0.085,-261.658,-40.588,-135.803

0.290,-1.006,0.118,-249.390,-38.940,-132.263

0.266,-1.021,0.102,-234.070,-40.405,-119.934

0.279,-0.982,0.088,-219.604,-42.114,-101.501

0.295,-0.904,0.015,-208.801,-45.654,-81.177

0.350,-0.835,-0.013,-203.247,-46.936,-61.279

0.443,-0.806,-0.045,-201.843,-48.767,-46.875

0.498,-0.812,-0.057,-204.529,-51.636,-45.044

0.520,-0.818,-0.055,-212.097,-54.504,-56.519

0.521,-0.822,-0.026,-222.595,-55.542,-75.073

0.483,-0.824,0.005,-234.192,-56.580,-93.628

0.420,-0.856,0.058,-245.667,-57.190,-109.070

0.339,-0.956,0.184,-257.935,-55.420,-117.249

0.297,-1.082,0.369,-265.015,-45.776,-112.183

0.292,-1.169,0.491,-262.268,-35.095,-99.243

0.320,-1.244,0.553,-250.305,-31.616,-80.261

0.360,-1.368,0.638,-235.901,-30.884,-62.256

0.409,-1.477,0.687,-218.506,-26.123,-48.828

0.438,-1.558,0.701,-197.571,-21.729,-42.969

0.459,-1.614,0.661,-176.575,-20.630,-40.710

0.462,-1.630,0.621,-159.119,-21.240,-42.236

0.453,-1.621,0.586,-145.752,-22.705,-43.518

0.452,-1.606,0.562,-134.705,-23.376,-41.138

0.447,-1.601,0.553,-125.061,-22.095,-36.133

0.448,-1.594,0.557,-115.173,-18.921,-29.297

0.457,-1.593,0.570,-104.248,-15.686,-21.667

0.475,-1.606,0.587,-91.492,-12.573,-14.160

0.492,-1.606,0.585,-77.026,-9.155,-7.874

0.497,-1.577,0.562,-61.035,-6.958,-4.700



0.505,-1.465,0.461,-29.663,-6.531,-3.296

0.508,-1.406,0.409,-18.799,-7.263,-3.235

0.510,-1.344,0.366,-11.536,-6.897,-2.808

0.515,-1.292,0.338,-7.996,-5.615,-1.587

0.514,-1.247,0.323,-6.226,-3.235,0.305

0.516,-1.205,0.313,-4.883,-0.977,2.197

0.515,-1.164,0.314,-3.418,0.854,3.052

0.512,-1.135,0.315,-0.977,2.136,2.380

0.503,-1.100,0.300,2.808,2.747,0.610

0.489,-1.062,0.271,7.202,2.563,-1.038

0.481,-1.025,0.250,10.437,2.136,-1.770

0.468,-0.996,0.253,11.780,2.319,-2.075

0.455,-0.981,0.248,13.184,2.930,-2.502

0.440,-0.966,0.236,15.259,3.357,-2.441

0.430,-0.941,0.226,16.174,4.028,-2.075

0.415,-0.922,0.217,15.991,4.150,-1.709

0.405,-0.905,0.216,14.465,4.456,-0.549

0.396,-0.899,0.221,12.634,5.188,0.793

0.386,-0.896,0.227,11.108,5.737,2.197

0.380,-0.889,0.226,10.254,6.409,3.601

0.374,-0.874,0.220,10.437,6.409,5.127

0.367,-0.859,0.208,11.108,6.042,6.470

0.361,-0.847,0.194,11.475,5.432,7.446

0.357,-0.837,0.177,10.803,4.944,8.240

0.359,-0.827,0.167,8.728,4.395,8.972

0.364,-0.829,0.167,5.676,4.333,10.071

0.368,-0.831,0.175,2.441,4.578,10.193

0.369,-0.836,0.183,-0.122,4.639,9.338

0.371,-0.850,0.190,-1.953,4.517,8.423

0.376,-0.863,0.202,-3.296,4.456,7.690

0.378,-0.876,0.219,-3.967,4.761,6.958

0.383,-0.886,0.232,-3.662,5.432,6.165

0.385,-0.897,0.241,-2.502,6.042,5.005

0.382,-0.903,0.247,-1.160,5.981,3.174

0.377,-0.909,0.245,0.000,5.005,0.854

0.374,-0.919,0.243,0.732,4.211,-0.977

0.370,-0.921,0.246,0.793,3.845,-1.709

0.369,-0.930,0.246,1.221,3.723,-2.075

0.367,-0.935,0.246,1.770,3.601,-2.441

0.366,-0.933,0.245,2.258,3.296,-2.686

0.365,-0.928,0.246,2.991,2.625,-2.686

0.368,-0.925,0.248,3.540,2.014,-2.258

0.373,-0.926,0.251,4.395,2.258,-1.343

0.372,-0.920,0.256,4.822,2.991,-0.793

0.369,-0.920,0.252,5.920,3.296,0.305

0.368,-0.917,0.243,7.263,3.357,1.221

0.367,-0.908,0.236,7.874,3.235,1.770

0.370,-0.896,0.226,8.362,2.502,1.831

0.374,-0.894,0.223,7.874,1.953,1.587

0.379,-0.907,0.233,6.287,1.892,1.282

0.379,-0.933,0.256,3.967,2.625,1.221

0.383,-0.960,0.282,2.930,3.601,2.441

0.389,-0.986,0.309,3.052,4.700,4.395

0.400,-1.006,0.331,4.883,6.104,6.531

0.406,-1.010,0.325,9.338,7.446,8.118

0.410,-0.997,0.296,15.442,7.019,7.507

0.403,-0.964,0.260,21.484,4.822,4.761

0.397,-0.918,0.220,26.123,2.380,1.160

0.393,-0.880,0.172,29.358,0.244,-0.916

0.390,-0.847,0.130,29.968,-0.183,-1.770

0.382,-0.818,0.102,27.954,0.061,-2.014

0.375,-0.803,0.080,24.048,0.305,-1.953

0.372,-0.812,0.058,18.738,0.610,-1.343

0.367,-0.767,0.060,11.841,1.099,-1.343

0.356,-0.774,0.080,5.920,1.526,0.427

0.361,-0.787,0.075,2.625,0.916,3.967

0.366,-0.800,0.084,-1.709,1.282,5.920

0.370,-0.816,0.102,-5.493,1.587,7.812

0.371,-0.827,0.127,-9.277,1.465,8.850

0.384,-0.841,0.142,-11.780,2.991,10.132

0.399,-0.844,0.164,-13.733,4.150,10.437

0.400,-0.856,0.178,-15.076,1.953,11.414

0.418,-0.867,0.182,-15.564,1.526,11.047

0.426,-0.870,0.190,-17.151,1.221,9.338

0.434,-0.883,0.201,-18.982,0.732,6.592

0.433,-0.894,0.221,-21.362,0.977,3.418

0.435,-0.915,0.244,-23.499,2.075,0.854

0.419,-0.927,0.260,-24.414,2.808,-1.282

0.409,-0.937,0.282,-23.560,3.418,-3.052

0.417,-0.942,0.277,-21.118,3.601,-4.211

0.378,-0.935,0.287,-17.212,3.662,-2.441

0.399,-0.911,0.297,-13.306,4.333,-4.639

0.390,-0.902,0.276,-7.935,2.869,-5.188

0.386,-0.894,0.237,-2.075,0.122,-3.723

0.387,-0.898,0.218,1.587,-1.343,-3.052

0.387,-0.886,0.217,2.869,-1.282,-2.258

0.395,-0.876,0.221,3.174,-0.610,-2.380

0.388,-0.909,0.215,4.944,-0.732,-2.136

0.379,-0.902,0.237,2.136,-2.380,-1.099

0.389,-0.905,0.216,2.563,-1.587,-0.183

0.384,-0.931,0.223,3.174,-0.488,0.671

0.373,-0.929,0.238,0.671,0.732,0.061

0.363,-0.941,0.225,-1.404,1.831,-1.648

0.361,-0.942,0.205,-1.770,-2.563,-2.686

0.365,-0.956,0.170,-5.188,-4.700,-2.441

0.346,-0.999,0.124,-11.841,-9.033,-1.221

0.335,-0.919,0.191,-23.621,-17.578,2.258

0.367,-0.842,0.264,-26.855,-10.925,1.648

0.388,-0.843,0.276,-26.367,-1.160,0.061

0.378,-0.847,0.264,-27.710,-1.404,3.052

0.381,-0.877,0.256,-26.367,-2.747,6.409

0.395,-0.872,0.256,-23.804,-2.563,8.362

0.409,-0.859,0.267,-23.010,-1.526,8.850

0.417,-0.858,0.273,-21.973,-0.977,8.484

0.427,-0.857,0.276,-21.667,-2.075,7.874

0.430,-0.847,0.276,-20.142,-2.563,8.362

0.434,-0.868,0.285,-17.578,-2.197,7.507

0.439,-0.856,0.275,-15.076,-1.770,7.812

0.446,-0.877,0.280,-14.709,-1.343,5.920

0.442,-0.896,0.274,-16.235,-1.587,5.676

0.463,-0.925,0.282,-17.395,-1.892,6.714

0.429,-0.879,0.287,-20.325,-3.296,8.789

0.429,-0.881,0.294,-21.667,-3.906,6.653

0.432,-0.878,0.295,-21.240,-3.662,5.310

0.432,-0.876,0.306,-21.057,-4.456,4.639

0.442,-0.878,0.306,-20.325,-3.540,2.625

0.430,-0.871,0.316,-20.142,-4.150,1.404

0.432,-0.870,0.325,-18.433,-3.052,0.061

0.429,-0.867,0.325,-16.663,-0.916,-1.099



0.297,-1.509,1.312,-25.391,13.794,11.536

0.322,-1.724,1.529,-20.020,18.433,18.005

0.312,-1.897,1.735,2.014,26.917,30.090

0.266,-1.979,1.884,39.429,40.649,44.922

0.226,-1.931,1.941,90.454,54.016,65.735

0.212,-1.831,1.949,140.808,63.293,88.867

0.237,-1.760,1.919,183.899,70.618,105.591

0.258,-1.702,1.857,222.900,75.928,113.464

0.248,-1.628,1.766,257.263,79.956,114.868

0.237,-1.551,1.684,286.194,83.191,112.793

0.207,-1.494,1.638,309.937,86.548,111.877

0.225,-1.472,1.545,333.069,87.402,114.929

0.237,-1.386,1.446,351.257,82.031,118.408

0.259,-1.239,1.346,366.638,76.965,120.911

0.249,-1.051,1.215,382.263,71.594,122.864

0.226,-0.838,1.035,397.034,66.895,125.000

0.221,-0.620,0.831,406.921,62.683,130.493

0.248,-0.447,0.612,408.081,60.547,138.306

0.246,-0.275,0.395,401.245,64.392,147.461

0.228,-0.111,0.205,388.000,72.571,155.273

0.226,0.021,0.071,371.216,81.909,163.330

0.223,0.122,-0.056,352.112,90.820,170.654

0.198,0.208,-0.143,331.482,97.107,175.415

0.195,0.252,-0.188,311.279,100.769,176.819

0.206,0.238,-0.226,295.044,100.708,176.147

0.197,0.237,-0.233,280.212,97.595,170.654

0.202,0.222,-0.241,268.677,94.177,160.828

0.194,0.184,-0.253,260.437,88.989,150.757

0.170,0.171,-0.255,252.563,82.764,140.930

0.136,0.182,-0.267,247.131,77.637,134.766

0.121,0.187,-0.288,244.324,74.036,134.583

0.116,0.202,-0.328,242.859,69.946,137.329

0.128,0.223,-0.378,240.662,64.941,139.404

0.144,0.231,-0.418,237.305,60.730,138.428

0.144,0.264,-0.464,232.117,54.443,134.216

0.154,0.294,-0.500,225.708,47.485,127.808

0.157,0.305,-0.502,218.140,43.213,123.108

0.161,0.339,-0.511,210.937,41.077,119.629

0.194,0.336,-0.540,204.895,38.452,116.211

0.223,0.334,-0.559,196.533,35.706,112.183

0.266,0.330,-0.578,187.439,33.630,106.140

0.291,0.318,-0.585,179.260,30.640,100.769

0.320,0.317,-0.580,171.265,30.029,97.046

0.338,0.326,-0.572,163.879,31.494,94.788

0.374,0.312,-0.563,157.959,32.959,93.994

0.412,0.305,-0.544,152.222,34.485,94.055

0.441,0.321,-0.506,146.667,36.133,93.750

0.429,0.371,-0.460,142.334,39.246,93.079

0.399,0.457,-0.429,140.686,44.617,91.614

0.370,0.575,-0.421,141.846,48.950,88.501

0.318,0.738,-0.415,142.151,53.223,81.848

0.296,0.920,-0.400,142.578,58.899,71.777

0.233,1.143,-0.423,142.639,64.514,58.533

0.143,1.383,-0.445,142.639,68.726,40.039

0.066,1.636,-0.495,140.686,68.542,17.700

0.002,1.883,-0.599,136.108,62.683,-5.066

-0.063,2.066,-0.740,126.038,53.528,-25.757

-0.146,2.189,-0.876,106.079,43.579,-42.786

-0.269,2.284,-0.944,74.036,36.194,-57.556

-0.375,2.324,-0.955,35.767,31.128,-70.190

-0.458,2.292,-0.933,-2.563,22.095,-78.430

-0.459,2.202,-0.894,-42.175,9.888,-83.557

-0.403,2.048,-0.825,-82.581,-2.014,-85.571

-0.337,1.815,-0.738,-120.239,-11.658,-84.717

-0.290,1.571,-0.618,-154.297,-15.869,-87.097

-0.248,1.340,-0.488,-184.814,-18.494,-95.276

-0.234,1.102,-0.301,-208.496,-24.048,-107.788

-0.269,0.966,-0.142,-224.548,-29.602,-123.840

-0.292,0.901,-0.038,-230.408,-39.429,-140.808

-0.309,0.823,-0.033,-223.083,-54.138,-146.423

-0.274,0.751,-0.098,-211.182,-66.467,-144.226

-0.199,0.714,-0.212,-204.224,-76.294,-138.123

-0.125,0.668,-0.325,-205.505,-80.994,-129.639

-0.042,0.597,-0.374,-216.125,-82.031,-123.779

0.049,0.495,-0.350,-234.070,-82.947,-124.023

0.126,0.370,-0.299,-251.892,-85.144,-129.700

0.228,0.264,-0.256,-267.944,-87.097,-140.442

0.298,0.149,-0.213,-282.471,-87.036,-155.090

0.313,0.041,-0.137,-295.959,-85.632,-172.729

0.301,-0.080,-0.064,-307.129,-84.351,-191.833

0.278,-0.266,0.025,-315.674,-85.693,-205.078

0.255,-0.412,0.125,-321.777,-88.684,-210.388

0.233,-0.477,0.185,-324.707,-90.027,-210.632

0.224,-0.518,0.205,-324.707,-90.820,-203.308

0.215,-0.561,0.214,-324.158,-89.844,-189.331

0.224,-0.603,0.227,-327.698,-87.036,-174.805

0.258,-0.684,0.298,-334.045,-84.045,-160.400

0.264,-0.780,0.364,-339.600,-82.458,-150.696

0.291,-0.850,0.496,-348.633,-78.186,-144.592

0.287,-0.896,0.586,-339.600,-78.064,-142.151

0.299,-0.913,0.656,-328.552,-78.430,-141.113

0.310,-0.972,0.636,-310.547,-75.256,-139.893

0.285,-1.024,0.615,-298.950,-73.547,-135.925

0.261,-1.035,0.640,-295.349,-68.604,-133.728

0.259,-1.063,0.689,-293.091,-60.425,-129.211

0.232,-1.133,0.749,-289.124,-54.321,-122.314

0.242,-1.202,0.840,-284.668,-52.002,-117.554

0.250,-1.238,0.896,-276.611,-50.293,-111.816

0.218,-1.323,0.957,-265.686,-47.852,-105.835

0.201,-1.425,1.044,-252.930,-42.236,-97.900

0.201,-1.488,1.098,-234.497,-33.142,-85.754

0.234,-1.487,1.083,-208.374,-27.527,-70.740

0.274,-1.456,1.016,-177.063,-24.719,-55.664

0.326,-1.386,0.912,-148.193,-21.545,-45.166

0.373,-1.293,0.815,-125.549,-20.447,-41.199

0.396,-1.220,0.744,-110.291,-21.545,-43.091

0.403,-1.182,0.693,-104.248,-24.841,-49.744

0.383,-1.171,0.665,-104.492,-28.137,-57.983

0.360,-1.168,0.647,-106.201,-29.419,-63.965

0.340,-1.169,0.635,-108.032,-28.503,-64.514

0.323,-1.154,0.661,-110.413,-25.757,-62.256

0.316,-1.170,0.690,-108.948,-22.461,-57.922

0.322,-1.177,0.700,-101.440,-18.921,-50.964

0.334,-1.151,0.706,-92.468,-15.442,-44.922

0.344,-1.112,0.710,-83.008,-12.329,-39.551

0.349,-1.073,0.705,-74.463,-8.911,-36.560

0.349,-1.038,0.689,-68.054,-6.287,-36.194

0.344,-1.010,0.669,-63.110,-5.127,-38.086

0.330,-0.984,0.657,-60.669,-5.310,-40.222



0.188,-1.304,1.185,57.983,16.113,24.170

0.206,-1.354,1.364,76.477,27.161,34.119

0.222,-1.420,1.517,102.966,41.382,45.532

0.221,-1.506,1.633,134.460,57.800,58.289

0.185,-1.627,1.688,164.673,75.439,75.439

0.120,-1.717,1.743,192.749,91.248,100.159

0.097,-1.789,1.802,221.619,104.004,125.854

0.097,-1.861,1.834,255.432,110.291,148.743

0.132,-1.835,1.818,292.053,106.323,162.903

0.225,-1.770,1.751,330.750,96.069,169.128

0.300,-1.691,1.648,366.333,80.383,161.621

0.340,-1.551,1.502,396.179,58.411,143.799

0.349,-1.386,1.297,421.814,39.001,126.282

0.333,-1.189,1.062,440.125,26.062,117.859

0.314,-1.026,0.826,449.097,22.888,121.033

0.274,-0.897,0.602,447.327,31.738,133.423

0.226,-0.766,0.445,434.326,42.419,147.217

0.212,-0.644,0.336,415.466,47.302,160.706

0.207,-0.573,0.263,396.790,46.936,173.401

0.202,-0.523,0.242,379.761,49.744,184.570

0.168,-0.473,0.262,366.211,56.641,193.054

0.153,-0.392,0.275,358.582,59.204,195.679

0.106,-0.311,0.226,358.032,53.284,195.740

0.055,-0.202,0.153,357.788,45.166,194.397

0.029,-0.130,0.068,355.713,39.734,194.336

-0.014,-0.060,0.008,350.281,35.645,195.496

-0.035,0.010,-0.028,342.346,34.912,196.289

-0.061,0.070,-0.047,334.778,32.410,196.777

-0.068,0.126,-0.063,327.881,25.330,195.679

-0.051,0.152,-0.080,321.106,16.907,195.007

-0.058,0.195,-0.074,311.951,9.705,194.946

-0.057,0.304,-0.050,302.185,4.089,194.336

-0.040,0.389,-0.051,295.227,-0.061,195.068

0.013,0.437,-0.075,288.635,-4.150,195.618

0.039,0.500,-0.084,279.358,-7.385,193.115

0.061,0.591,-0.083,268.005,-8.118,187.561

0.078,0.689,-0.094,257.874,-7.141,181.641

0.132,0.768,-0.130,248.962,-6.897,174.805

0.154,0.823,-0.156,238.525,-6.897,167.664

0.191,0.880,-0.171,226.013,-4.395,158.936

0.250,0.903,-0.178,211.975,-0.854,149.902

0.287,0.867,-0.180,198.547,2.136,141.052

0.291,0.830,-0.170,184.998,6.714,132.996

0.304,0.805,-0.152,171.875,12.390,126.526

0.298,0.835,-0.137,159.973,17.151,122.253

0.291,0.899,-0.119,148.926,20.996,117.065

0.309,0.964,-0.127,140.686,23.437,111.938

0.330,1.022,-0.152,133.545,23.804,106.506

0.306,1.116,-0.142,124.390,25.330,97.595

0.290,1.237,-0.136,114.624,29.785,83.557

0.279,1.355,-0.200,108.582,31.921,69.458

0.281,1.439,-0.301,101.257,29.053,54.810

0.267,1.501,-0.377,90.149,27.954,42.053

0.243,1.586,-0.406,72.144,31.494,28.564

0.202,1.692,-0.374,51.270,37.842,12.268

0.128,1.803,-0.317,30.457,45.166,-6.531

0.047,1.930,-0.272,11.230,50.476,-28.564

-0.078,2.073,-0.262,-6.775,52.429,-54.932

-0.202,2.241,-0.306,-25.818,50.781,-85.205

-0.284,2.335,-0.415,-47.241,41.809,-112.793

-0.320,2.310,-0.524,-73.303,29.297,-130.676

-0.278,2.141,-0.568,-105.774,25.635,-138.123

-0.268,1.944,-0.455,-143.616,26.184,-136.230

-0.244,1.727,-0.302,-180.237,28.320,-134.094

-0.221,1.538,-0.135,-211.182,29.663,-136.658

-0.247,1.385,0.008,-233.826,26.245,-142.151

-0.283,1.274,0.125,-248.596,19.165,-152.344

-0.307,1.208,0.162,-253.113,11.169,-162.048

-0.301,1.198,0.114,-252.808,-0.977,-168.701

-0.243,1.185,0.012,-253.723,-15.198,-170.288

-0.135,1.140,-0.100,-261.841,-26.794,-167.725

0.010,1.034,-0.177,-279.175,-33.203,-164.551

0.162,0.845,-0.181,-304.626,-34.546,-165.405

0.270,0.613,-0.126,-333.740,-31.555,-172.852

0.354,0.369,-0.031,-362.671,-26.184,-186.951

0.409,0.059,0.074,-388.672,-21.118,-206.421

0.343,-0.370,0.282,-409.485,-13.550,-221.069

0.303,-0.698,0.536,-419.983,2.380,-228.516

0.296,-0.961,0.673,-408.569,9.460,-230.530

0.321,-1.142,0.615,-374.084,2.808,-222.900

0.398,-1.168,0.455,-333.923,-3.418,-216.431

0.383,-1.184,0.353,-297.485,-10.559,-215.698

0.376,-1.081,0.167,-281.738,-18.616,-212.158

0.401,-1.020,0.073,-265.442,-18.738,-205.200

0.405,-0.960,0.003,-261.353,-19.165,-195.557

0.444,-0.937,-0.006,-263.306,-15.686,-184.326

0.450,-0.972,0.040,-269.592,-9.888,-175.049

0.393,-1.084,0.149,-278.015,-2.869,-171.753

0.304,-1.187,0.311,-281.067,2.869,-168.945

0.235,-1.294,0.440,-269.104,8.667,-160.217

0.184,-1.368,0.467,-242.004,14.221,-145.142

0.140,-1.382,0.402,-208.679,15.442,-127.563

0.120,-1.334,0.289,-177.917,10.010,-110.413

0.115,-1.264,0.168,-153.931,2.686,-91.858

0.146,-1.201,0.070,-139.893,-3.357,-75.317

0.193,-1.150,0.026,-135.620,-8.911,-63.538

0.240,-1.107,0.012,-137.146,-13.367,-58.838

0.265,-1.078,0.007,-140.930,-17.456,-59.509

0.276,-1.058,0.017,-148.010,-20.325,-63.538

0.269,-1.039,0.040,-158.020,-22.095,-69.275

0.256,-1.011,0.078,-168.945,-23.560,-75.256

0.233,-1.015,0.136,-178.040,-23.743,-79.590

0.218,-1.024,0.197,-182.678,-21.606,-78.796

0.214,-1.046,0.264,-182.861,-17.578,-72.449

0.226,-1.067,0.326,-179.565,-12.024,-61.768

0.233,-1.081,0.378,-174.744,-7.080,-50.476

0.242,-1.083,0.407,-170.654,-3.906,-44.739

0.234,-1.076,0.421,-167.236,-1.709,-44.983

0.214,-1.055,0.416,-163.452,-2.197,-47.607

0.197,-1.040,0.405,-159.546,-4.028,-50.171

0.177,-1.023,0.401,-158.875,-6.409,-52.490

0.158,-1.005,0.407,-160.767,-8.850,-54.077

0.143,-1.016,0.438,-163.452,-10.376,-52.551

0.118,-1.051,0.514,-165.100,-8.667,-45.837

0.118,-1.079,0.591,-160.583,-3.113,-33.936

0.126,-1.117,0.656,-147.644,2.075,-18.372

0.140,-1.117,0.702,-129.578,6.653,-1.892

0.159,-1.076,0.714,-110.596,10.254,11.047

0.187,-1.018,0.684,-92.712,10.437,18.799



0.265,-1.651,1.274,16.235,19.226,17.212

0.248,-1.885,1.517,23.071,24.780,21.057

0.176,-2.059,1.760,41.260,34.058,29.358

0.092,-2.104,1.901,74.646,45.837,41.931

0.030,-2.082,1.901,125.061,57.434,64.453

0.000,-2.030,1.838,175.659,65.430,91.675

-0.003,-1.980,1.797,217.224,68.848,112.915

0.016,-1.901,1.741,250.671,67.139,127.441

0.066,-1.844,1.656,279.053,61.768,137.817

0.117,-1.793,1.580,302.490,56.580,146.240

0.153,-1.714,1.519,321.533,53.101,151.794

0.182,-1.610,1.451,338.806,51.819,157.776

0.200,-1.493,1.371,357.910,53.345,167.786

0.224,-1.371,1.307,377.502,57.007,178.589

0.226,-1.170,1.249,396.423,60.913,188.660

0.212,-0.895,1.132,416.931,61.523,196.533

0.186,-0.616,0.966,437.988,58.838,204.041

0.168,-0.357,0.804,452.637,56.030,210.876

0.159,-0.051,0.616,456.299,55.542,218.079

0.160,0.161,0.438,452.148,57.861,225.769

0.143,0.330,0.285,439.880,64.514,233.215

0.130,0.438,0.170,419.800,74.402,238.098

0.122,0.498,0.109,397.644,85.205,239.502

0.114,0.539,0.061,376.526,92.285,234.680

0.105,0.553,0.039,357.361,92.346,223.389

0.084,0.546,0.028,341.064,88.440,208.801

0.050,0.548,0.022,328.186,82.458,193.115

0.008,0.574,-0.000,318.909,75.500,178.101

-0.027,0.599,-0.041,311.157,67.200,165.955

-0.040,0.618,-0.085,303.040,59.204,157.288

-0.036,0.645,-0.128,294.556,52.246,150.940

-0.007,0.650,-0.162,285.583,44.800,145.081

0.001,0.646,-0.172,276.184,38.757,139.526

0.028,0.649,-0.194,268.372,35.095,133.728

0.066,0.644,-0.233,260.620,29.419,127.991

0.078,0.638,-0.243,251.709,24.658,123.291

0.100,0.644,-0.273,244.995,22.461,119.507

0.159,0.658,-0.328,238.953,18.677,115.845

0.211,0.660,-0.384,230.774,14.526,112.366

0.245,0.663,-0.415,221.008,13.000,107.300

0.268,0.687,-0.420,208.740,13.916,102.051

0.310,0.661,-0.439,194.885,15.564,97.778

0.326,0.641,-0.432,177.673,18.799,95.215

0.345,0.653,-0.397,159.424,27.100,92.163

0.345,0.669,-0.350,145.691,36.316,88.562

0.335,0.718,-0.283,138.611,43.701,84.045

0.335,0.819,-0.218,137.146,48.889,76.355

0.320,1.006,-0.177,138.306,51.270,64.087

0.277,1.255,-0.158,137.573,53.711,45.776

0.229,1.569,-0.145,131.409,59.509,22.400

0.191,1.939,-0.125,120.667,63.416,-2.808

0.130,2.302,-0.233,108.337,64.758,-28.687

0.064,2.569,-0.394,92.468,62.012,-54.321

-0.040,2.766,-0.533,62.927,54.871,-77.209

-0.155,2.866,-0.602,19.226,48.584,-95.764

-0.217,2.798,-0.618,-32.593,44.739,-105.164

-0.222,2.575,-0.532,-87.585,41.260,-102.295

-0.210,2.215,-0.407,-138.794,38.269,-90.393

-0.200,1.824,-0.273,-182.312,36.926,-80.078

-0.190,1.450,-0.088,-218.079,34.241,-75.928

-0.176,1.196,0.039,-243.469,30.701,-78.369

-0.162,1.035,0.098,-256.531,23.926,-87.708

-0.143,0.951,0.083,-256.653,14.709,-98.511

-0.141,0.926,0.021,-250.977,3.479,-110.352

-0.140,0.924,-0.062,-246.155,-8.362,-121.704

-0.115,0.912,-0.139,-245.911,-18.799,-128.906

-0.084,0.863,-0.182,-253.723,-26.672,-132.812

-0.034,0.785,-0.183,-266.602,-30.579,-134.216

0.030,0.651,-0.176,-280.090,-30.273,-134.705

0.090,0.509,-0.153,-292.480,-28.625,-138.306

0.126,0.334,-0.115,-301.636,-27.222,-146.851

0.134,0.172,-0.082,-305.542,-27.100,-159.180

0.127,0.006,-0.050,-304.810,-30.090,-172.668

0.133,-0.096,-0.044,-303.040,-34.119,-183.716

0.154,-0.186,-0.052,-301.819,-38.025,-192.078

0.201,-0.282,-0.070,-303.467,-40.833,-198.608

0.239,-0.397,-0.054,-308.838,-38.269,-201.782

0.282,-0.509,-0.017,-320.068,-32.654,-206.055

0.257,-0.705,0.078,-331.604,-26.184,-210.937

0.182,-0.890,0.201,-339.905,-18.250,-215.637

0.083,-1.026,0.300,-340.210,-18.677,-220.825

-0.017,-1.172,0.318,-332.031,-24.658,-215.210

-0.104,-1.285,0.359,-322.693,-29.175,-194.336

-0.072,-1.310,0.365,-313.232,-32.349,-161.194

0.010,-1.309,0.339,-301.392,-37.720,-122.314

0.095,-1.289,0.319,-287.964,-42.175,-85.144

0.193,-1.197,0.294,-280.640,-44.312,-56.824

0.314,-1.122,0.267,-270.264,-44.739,-36.560

0.419,-1.098,0.231,-261.292,-44.800,-27.222

0.484,-1.087,0.222,-257.202,-46.387,-34.058

0.484,-1.081,0.236,-257.568,-50.415,-53.955

0.443,-1.075,0.249,-257.324,-55.298,-79.285

0.366,-1.080,0.261,-257.263,-59.448,-102.112

0.271,-1.072,0.294,-258.362,-60.913,-117.126

0.200,-1.032,0.335,-259.399,-57.495,-119.568

0.175,-1.002,0.375,-256.775,-51.636,-109.619

0.182,-0.973,0.403,-250.977,-46.509,-91.553

0.210,-0.965,0.441,-246.643,-41.931,-72.754

0.234,-0.969,0.502,-245.605,-39.490,-59.204

0.254,-0.994,0.592,-248.535,-40.222,-56.458

0.267,-1.077,0.714,-251.587,-41.504,-61.707

0.266,-1.185,0.861,-250.366,-39.673,-69.031

0.263,-1.277,0.993,-242.371,-33.813,-75.806

0.249,-1.336,1.063,-224.243,-26.917,-76.721

0.239,-1.391,1.090,-197.205,-19.897,-67.627

0.247,-1.384,1.086,-169.678,-14.893,-56.396

0.259,-1.365,1.071,-143.677,-11.719,-44.678

0.284,-1.331,1.048,-120.789,-11.230,-35.889

0.309,-1.293,1.022,-102.051,-13.794,-31.616

0.326,-1.260,0.996,-87.463,-17.883,-31.250

0.336,-1.238,0.962,-78.003,-20.630,-33.203

0.327,-1.227,0.930,-70.801,-20.203,-35.400

0.306,-1.213,0.905,-64.819,-16.724,-35.706

0.287,-1.208,0.882,-59.387,-11.292,-32.654

0.276,-1.220,0.882,-53.650,-5.798,-26.794

0.278,-1.221,0.899,-46.814,-0.305,-20.264

0.279,-1.216,0.895,-36.377,3.906,-13.855

0.277,-1.195,0.869,-23.071,6.287,-7.507

0.273,-1.143,0.842,-10.986,7.935,-1.831



0.226,-1.333,1.097,50.781,20.081,33.020

0.228,-1.375,1.127,65.430,19.409,38.391

0.239,-1.380,1.131,82.458,18.921,46.021

0.265,-1.370,1.130,100.281,21.240,54.810

0.303,-1.381,1.124,116.638,24.780,62.927

0.325,-1.407,1.142,131.042,27.649,69.031

0.338,-1.451,1.192,141.357,30.945,72.998

0.343,-1.528,1.221,154.175,34.973,76.538

0.330,-1.576,1.245,173.889,39.734,83.252

0.342,-1.585,1.266,197.571,46.326,91.614

0.365,-1.594,1.259,222.473,52.368,99.731

0.370,-1.575,1.240,247.864,55.237,105.835

0.369,-1.552,1.190,274.109,55.786,107.788

0.331,-1.476,1.104,301.697,53.406,108.826

0.307,-1.393,1.042,327.148,50.110,111.328

0.289,-1.327,1.000,347.717,45.654,116.455

0.262,-1.256,0.930,366.089,40.894,123.901

0.239,-1.154,0.837,383.179,38.940,134.888

0.256,-1.063,0.754,397.156,40.894,149.170

0.260,-0.972,0.655,404.602,45.044,162.231

0.234,-0.853,0.566,406.799,49.011,172.974

0.207,-0.714,0.477,408.020,54.626,183.472

0.187,-0.608,0.407,407.471,58.594,194.458

0.149,-0.520,0.367,404.724,61.401,202.454

0.108,-0.423,0.311,403.320,63.599,210.022

0.112,-0.353,0.262,401.306,63.293,217.041

0.119,-0.312,0.252,395.142,61.462,221.130

0.107,-0.280,0.263,389.038,60.364,222.595

0.123,-0.286,0.257,385.071,60.303,223.022

0.105,-0.274,0.268,380.981,60.730,222.778

0.075,-0.183,0.289,376.709,61.401,218.018

0.045,-0.032,0.319,374.573,58.167,212.402

0.065,0.089,0.263,377.747,52.673,208.252

0.062,0.213,0.215,378.052,46.753,203.247

0.057,0.404,0.190,370.544,45.288,195.312

0.067,0.579,0.162,360.596,47.974,188.477

0.091,0.716,0.094,348.999,54.871,183.594

0.059,0.817,0.096,331.360,65.369,177.185

0.015,0.990,0.137,309.753,73.608,166.809

-0.004,1.149,0.183,289.917,76.416,154.419

-0.063,1.350,0.262,271.057,76.172,140.747

-0.147,1.628,0.364,252.502,75.806,123.596

-0.235,1.983,0.436,237.122,76.843,104.675

-0.333,2.413,0.464,221.252,76.721,81.604

-0.431,2.923,0.395,203.613,67.322,54.260

-0.468,3.414,0.198,182.434,48.401,25.330

-0.440,3.819,-0.168,153.015,21.667,-3.235

-0.297,3.961,-0.635,110.596,-8.606,-28.259

-0.184,3.792,-1.049,51.331,-32.837,-45.227

-0.115,3.350,-1.110,-23.010,-33.081,-58.960

-0.156,2.804,-0.791,-103.394,-10.376,-72.266

-0.180,2.259,-0.468,-179.810,11.658,-80.200

-0.252,1.657,-0.117,-235.413,17.639,-90.271

-0.315,1.173,0.114,-275.269,10.620,-103.699

-0.321,0.804,0.223,-293.640,-0.610,-115.845

-0.290,0.538,0.219,-289.795,-10.559,-122.498

-0.252,0.400,0.143,-274.963,-19.409,-124.207

-0.196,0.384,0.027,-256.287,-25.696,-121.033

-0.114,0.434,-0.105,-239.868,-32.166,-114.685

-0.020,0.456,-0.264,-228.882,-41.138,-108.521

0.087,0.463,-0.392,-229.431,-50.354,-105.347

0.198,0.456,-0.477,-241.394,-56.274,-106.567

0.278,0.394,-0.483,-259.827,-57.007,-111.694

0.347,0.263,-0.434,-278.320,-52.246,-118.164

0.398,0.066,-0.344,-295.654,-46.936,-127.747

0.421,-0.167,-0.226,-306.030,-41.199,-139.038

0.438,-0.371,-0.111,-304.993,-33.264,-150.879

0.442,-0.539,-0.043,-291.809,-28.442,-163.391

0.439,-0.665,-0.035,-271.179,-28.503,-175.171

0.428,-0.732,-0.067,-247.681,-31.128,-184.570

0.431,-0.729,-0.128,-225.525,-33.386,-189.819

0.438,-0.714,-0.197,-208.069,-36.255,-190.979

0.514,-0.674,-0.273,-198.059,-37.964,-188.171

0.544,-0.715,-0.314,-191.528,-37.964,-189.087

0.587,-0.673,-0.374,-205.261,-37.598,-195.496

0.612,-0.704,-0.360,-215.698,-36.377,-204.224

0.585,-0.765,-0.313,-231.140,-33.081,-212.585

0.506,-0.827,-0.199,-247.131,-24.109,-219.482

0.424,-0.853,-0.081,-260.498,-14.038,-219.421

0.333,-0.906,0.011,-265.198,-6.104,-210.937

0.260,-0.933,0.077,-265.198,1.526,-195.190

0.236,-0.943,0.109,-259.766,8.728,-171.997

0.232,-0.933,0.118,-250.732,13.550,-145.996

0.234,-0.918,0.114,-241.150,16.907,-122.192

0.245,-0.887,0.091,-231.995,18.188,-102.295

0.269,-0.839,0.068,-224.915,16.724,-88.379

0.296,-0.804,0.060,-220.459,14.954,-80.383

0.298,-0.783,0.056,-219.421,13.062,-81.360

0.273,-0.760,0.060,-223.328,8.362,-91.309

0.226,-0.738,0.072,-229.919,1.892,-103.760

0.171,-0.723,0.104,-239.441,-2.380,-113.953

0.109,-0.725,0.148,-250.427,-2.747,-118.591

0.064,-0.731,0.206,-261.475,-1.648,-115.234

0.044,-0.735,0.284,-271.545,0.244,-104.248

0.049,-0.740,0.374,-278.076,3.906,-87.402

0.080,-0.765,0.450,-277.710,7.019,-66.223

0.141,-0.788,0.514,-270.569,10.559,-45.105

0.184,-0.793,0.598,-260.681,13.062,-29.053

0.217,-0.815,0.701,-251.770,13.062,-22.949

0.215,-0.883,0.800,-244.141,10.315,-29.053

0.185,-0.976,0.892,-233.704,5.615,-40.833

0.141,-1.065,0.976,-218.018,1.343,-51.575

0.102,-1.157,1.030,-195.923,0.854,-55.359

0.089,-1.218,1.047,-171.326,2.686,-48.706

0.091,-1.245,1.077,-149.658,3.723,-33.264

0.119,-1.251,1.130,-132.263,6.836,-15.381

0.174,-1.260,1.169,-117.004,10.803,-0.977

0.215,-1.276,1.201,-104.370,10.986,7.141

0.255,-1.306,1.231,-95.154,8.606,8.057

0.279,-1.344,1.245,-86.914,5.127,3.174

0.275,-1.392,1.226,-75.134,1.526,-2.747

0.259,-1.416,1.182,-59.814,-0.854,-6.470

0.246,-1.427,1.116,-41.931,-0.977,-6.531

0.235,-1.395,1.024,-23.315,-1.099,-4.150

0.225,-1.334,0.926,-5.676,-1.343,-0.916

0.222,-1.253,0.831,8.972,-1.221,2.869

0.223,-1.183,0.748,19.531,-0.854,5.859

0.229,-1.117,0.675,25.513,-1.282,5.859

0.233,-1.069,0.622,27.649,-3.235,3.113



-0.204,0.620,1.619,-4.517,-85.693,104.004

0.166,0.376,0.481,-3.723,-7.263,71.777

-0.127,0.410,0.879,14.160,-44.800,83.679

-0.072,0.444,0.962,32.227,-44.739,70.374

-0.061,0.442,0.963,35.828,-42.236,63.965

-0.146,0.491,0.886,26.550,-41.565,64.697

-0.187,0.552,0.700,20.386,-43.213,59.021

-0.244,0.591,0.830,18.921,-52.429,51.147

-0.199,0.566,0.881,19.043,-56.885,43.823

-0.188,0.588,0.914,17.212,-61.218,37.048

-0.160,0.492,0.950,23.193,-61.584,29.480

-0.128,0.482,1.019,26.733,-58.533,23.987

-0.132,0.447,1.038,28.198,-52.063,20.264

-0.134,0.422,1.013,30.273,-41.504,16.541

-0.137,0.422,0.984,34.302,-31.616,13.428

-0.142,0.457,1.003,36.011,-24.719,11.414

-0.170,0.412,0.955,51.147,-17.212,10.132

-0.177,0.418,0.933,68.420,-13.184,12.573

-0.195,0.461,0.959,68.481,-8.850,16.479

-0.167,0.499,1.030,63.416,-7.874,17.883

0.112,0.201,1.039,48.096,-15.259,33.569

-0.161,0.668,1.026,17.151,-24.658,77.515

-0.272,0.506,0.993,19.470,-47.546,79.590

-0.203,0.390,0.995,19.897,-41.138,49.683

-0.176,0.397,0.952,13.611,-14.099,27.466

-0.202,0.367,0.950,23.804,-13.062,27.039

-0.261,0.232,0.911,33.325,-17.883,38.147

-0.235,0.236,0.880,28.076,-4.089,35.828

-0.203,0.150,0.810,36.377,2.686,38.574

-0.218,0.149,0.850,43.945,-1.221,49.438

-0.311,0.287,0.902,48.950,-3.540,79.651

-0.210,0.170,0.929,61.401,0.122,88.867

-0.227,0.165,0.926,62.805,6.592,84.229

-0.222,0.236,1.062,53.101,18.799,81.299

-0.141,0.239,0.974,32.715,18.188,63.721

-0.190,0.289,0.955,36.743,11.108,85.510

-0.065,-0.027,1.016,61.279,-5.859,109.863

-0.060,-0.029,0.901,112.061,9.399,65.613

-0.268,0.074,0.786,113.037,65.735,29.602

-0.313,0.098,0.752,78.308,112.366,36.438

-0.252,0.054,0.825,71.594,113.770,41.077

-0.156,0.046,0.929,49.683,73.669,35.034

-0.081,0.077,0.974,23.071,0.732,31.250

-0.060,0.073,0.948,12.695,-40.588,30.762

-0.112,0.089,0.938,19.836,-38.452,34.973

-0.167,0.127,0.958,33.081,-18.250,43.091

-0.219,0.146,0.937,41.260,3.418,49.622

-0.253,0.131,0.904,43.457,12.939,52.795

-0.204,0.090,0.881,46.204,8.301,54.626

-0.123,0.048,0.906,48.157,0.305,59.143

-0.142,0.048,0.921,53.833,-0.183,65.186

-0.194,0.056,0.914,67.200,6.226,68.726

-0.211,0.057,0.913,76.660,13.367,72.815

-0.382,0.300,1.154,93.994,25.757,75.134

-0.367,0.052,0.578,174.072,111.938,56.335

-0.127,-0.005,0.933,204.102,214.417,49.255

0.002,-0.524,1.614,179.687,327.515,37.109

0.547,-0.231,0.435,-70.984,276.611,32.898

-0.135,0.379,1.543,-38.940,-76.233,22.278

-0.004,-0.212,0.836,44.861,-39.124,8.789

-0.027,-0.007,1.027,-17.883,2.869,36.316

-0.047,-0.055,0.993,2.930,-1.282,34.119

-0.026,-0.040,0.995,13.428,-1.099,34.668

-0.012,-0.087,0.961,17.029,-1.099,34.607

-0.012,-0.106,0.978,14.648,-1.099,23.743

-0.041,-0.077,0.944,12.207,-0.427,7.507

-0.042,-0.000,0.990,6.287,-0.305,2.014

-0.006,0.020,0.993,7.812,-0.183,0.732

0.040,0.033,1.006,15.869,-0.305,-3.235

0.092,0.124,1.080,28.503,-0.244,-12.329

-0.067,-0.018,0.940,57.678,-0.061,-28.320

-0.112,-0.036,1.024,60.669,0.671,-28.137

-0.057,-0.037,1.000,57.678,6.836,-18.677

-0.221,-0.250,1.001,54.443,19.287,-19.897

-0.200,-0.324,1.004,53.040,29.785,-10.193

-0.082,-0.278,0.957,54.932,35.461,-1.953

0.124,-0.212,0.809,56.274,35.767,7.690

0.315,-0.096,0.888,32.288,20.813,20.508

0.272,-0.105,1.026,4.517,9.277,24.231

0.116,-0.139,0.987,14.587,14.404,25.330

-0.011,-0.143,0.951,23.987,16.052,29.480

-0.048,-0.103,0.939,27.771,11.047,33.264

-0.025,-0.085,0.964,18.982,7.385,33.508

0.004,-0.093,0.972,10.925,7.507,30.090

0.018,-0.105,0.956,7.629,7.935,27.649

0.016,-0.085,0.963,5.432,5.310,28.870

-0.039,-0.075,1.016,3.052,3.479,29.724

-0.070,-0.036,1.094,6.653,10.193,28.320

-0.051,-0.043,1.184,11.963,32.349,23.010

-0.055,-0.046,1.203,24.048,72.266,11.597

-0.067,-0.104,1.222,37.109,123.108,1.953

-0.104,-0.146,1.209,52.612,177.368,0.732

-0.084,-0.176,1.150,72.998,232.117,5.859

-0.041,-0.183,1.085,91.675,280.579,13.000

0.015,-0.181,1.007,109.497,318.726,18.860

0.401,-0.207,0.462,88.501,321.411,21.729

-0.105,-0.132,0.230,1.282,119.629,-7.202

0.028,-0.087,0.243,47.363,50.354,-33.386

0.008,-0.013,0.339,-21.790,-20.813,-45.166

0.380,-0.369,1.525,-60.486,-78.613,-61.768

0.259,-0.277,1.334,-71.777,-57.922,-50.476

0.384,-0.267,1.161,1.404,31.982,-45.227

0.455,-0.201,0.354,-15.503,79.041,-42.542

0.569,-0.448,0.738,-2.686,13.977,-54.810

0.548,-0.300,0.910,-46.753,-7.935,-39.490

0.523,-0.240,0.741,0.610,9.827,-21.484

0.577,-0.249,0.887,-10.132,1.343,-10.498

0.556,-0.246,0.771,-9.094,1.404,-5.371

0.484,-0.230,0.882,0.183,-1.465,5.981

0.410,-0.187,0.885,6.348,-4.333,20.691

0.328,-0.169,0.901,14.221,-4.028,20.081

0.309,-0.206,0.911,10.803,-3.052,14.282

0.300,-0.222,0.918,10.925,-2.197,12.512

0.257,-0.270,0.905,13.428,-2.258,14.282

0.194,-0.540,0.867,13.367,-3.601,17.761

0.222,-0.560,0.837,14.343,-7.263,33.203

0.232,-0.388,0.856,12.329,-11.536,49.561

0.180,-0.289,0.886,2.136,-12.756,49.988

0.168,-0.225,0.897,-11.047,-12.512,41.931



0.205,-0.108,0.953,-47.729,-110.718,-72.815

0.240,-0.175,1.126,-41.626,-89.661,-30.762

0.354,-0.118,1.071,-49.438,-43.396,-11.475

0.237,-0.155,1.019,-29.785,-5.493,-13.062

0.262,-0.205,0.990,-12.695,12.512,-13.367

0.279,-0.204,0.935,-5.554,21.179,-16.418

0.275,-0.162,0.908,-0.366,23.743,-18.616

0.237,-0.170,0.878,2.930,25.208,-15.381

0.273,-0.215,0.914,7.385,22.888,-11.169

0.285,-0.218,0.918,12.207,22.278,-8.484

0.277,-0.194,0.944,12.390,24.353,-6.897

0.236,-0.187,0.999,14.771,31.311,-5.920

0.265,-0.197,1.080,20.935,43.945,-10.071

0.256,-0.186,1.058,24.048,71.716,-12.451

0.226,-0.212,1.006,40.771,111.572,-6.226

0.334,-0.496,1.176,20.508,104.248,5.859

0.522,-0.221,0.809,11.414,67.261,-13.184

0.275,-0.293,0.989,18.433,91.614,-85.144

0.350,-0.250,0.910,8.972,97.046,-125.610

0.453,-0.271,0.966,12.573,102.905,-137.878

0.437,-0.304,0.891,9.277,100.220,-138.794

0.382,-0.289,0.898,-6.653,63.904,-127.686

0.419,-0.306,0.951,-26.550,11.475,-109.131

0.401,-0.314,0.951,-41.565,-13.367,-84.961

0.388,-0.325,0.967,-46.997,-13.916,-66.162

0.386,-0.307,0.960,-50.049,-8.484,-55.664

0.344,-0.268,0.985,-54.993,-7.812,-47.607

0.334,-0.236,1.003,-59.204,-9.644,-39.856

0.338,-0.217,1.003,-59.998,-10.925,-27.588

0.345,-0.206,1.005,-59.265,-12.573,-11.597

0.362,-0.213,0.997,-55.115,-10.132,-4.517

0.353,-0.212,0.989,-50.232,-5.188,0.793

0.357,-0.202,0.965,-44.800,0.610,7.812

0.353,-0.192,0.924,-37.292,4.089,10.925

0.346,-0.194,0.905,-31.555,4.700,12.756

0.363,-0.186,0.899,-25.330,5.493,13.367

0.378,-0.206,0.870,-17.212,9.766,9.338

0.375,-0.183,0.881,-15.320,14.648,-0.854

0.359,-0.157,0.907,-16.479,11.292,-0.183

0.343,-0.159,0.916,-14.221,6.592,9.155

0.347,-0.156,0.910,-14.282,5.127,18.616

0.362,-0.167,0.901,-16.113,6.958,23.865

0.371,-0.151,0.904,-20.447,6.165,27.588

0.356,-0.123,0.915,-24.902,0.793,33.752

0.349,-0.111,0.933,-24.963,-2.441,42.419

0.344,-0.095,0.937,-23.010,-3.662,52.856

0.348,-0.093,0.925,-16.968,-6.226,63.538

0.357,-0.102,0.914,-10.742,-9.155,72.571

0.359,-0.092,0.899,-6.775,-11.230,81.360

0.348,-0.080,0.873,-2.380,-13.977,88.440

0.340,-0.069,0.855,2.502,-17.212,92.773

0.333,-0.043,0.838,6.775,-20.691,94.788

0.302,-0.024,0.807,10.193,-23.682,94.971

0.274,-0.007,0.788,11.780,-26.978,94.604

0.254,0.005,0.771,12.451,-30.396,92.346

0.241,0.008,0.762,11.475,-33.630,87.830

0.240,0.033,0.775,9.460,-35.339,82.397

0.234,0.059,0.782,5.859,-35.095,74.097

0.217,0.074,0.777,1.831,-33.752,64.941

0.216,0.081,0.776,-1.099,-32.532,59.082

0.225,0.079,0.768,-1.099,-31.677,55.969

0.245,0.062,0.768,1.404,-30.762,53.894

0.244,0.064,0.778,3.296,-28.931,54.138

0.212,0.062,0.767,7.324,-26.611,52.124

0.199,0.065,0.781,11.536,-24.658,47.180

0.198,0.067,0.790,14.771,-22.583,43.640

0.197,0.057,0.803,17.700,-21.484,39.978

0.205,0.048,0.818,19.043,-20.935,36.316

0.209,0.049,0.841,18.311,-20.752,32.837

0.207,0.039,0.864,17.883,-20.508,29.846

0.219,0.032,0.890,18.738,-19.653,28.748

0.232,0.017,0.906,20.081,-17.822,27.039

0.240,0.004,0.921,21.667,-15.869,23.254

0.242,-0.007,0.929,22.827,-14.404,18.982

0.247,-0.021,0.940,22.827,-13.672,15.991

0.254,-0.036,0.944,23.071,-13.611,13.916

0.259,-0.044,0.947,22.827,-13.428,11.597

0.256,-0.048,0.946,22.156,-11.414,8.911

0.258,-0.045,0.952,20.630,-8.728,6.287

0.253,-0.042,0.948,17.944,-8.850,4.211

0.250,-0.043,0.947,16.418,-8.667,3.052

0.248,-0.053,0.937,16.968,-6.653,1.282

0.233,-0.052,0.932,16.602,-5.493,-0.977

0.231,-0.052,0.937,15.991,-5.615,-1.953

0.188,-0.062,0.925,19.226,-0.610,-0.488

0.194,-0.068,0.924,20.630,4.700,1.404

0.191,-0.076,0.922,18.066,-0.061,0.549

0.206,-0.077,0.929,13.794,-4.395,-1.038

0.227,-0.089,0.935,12.817,-3.601,-2.136

0.233,-0.102,0.928,14.709,0.671,-2.991

0.251,-0.114,0.924,15.015,4.517,-3.418

0.238,-0.108,0.924,12.817,4.761,-2.441

0.233,-0.105,0.927,11.108,4.333,-0.793

0.235,-0.107,0.937,10.498,5.005,-0.244

0.237,-0.119,0.929,10.010,7.324,0.366

0.224,-0.112,0.929,7.324,7.690,1.465

0.204,-0.107,0.925,5.798,6.348,2.014

0.210,-0.097,0.927,5.981,6.165,2.014

0.217,-0.111,0.906,7.446,7.690,-2.258

0.211,-0.108,0.897,7.385,8.606,-8.667

0.208,-0.110,0.889,7.874,9.338,-12.390

0.222,-0.125,0.879,10.071,10.925,-13.123

0.234,-0.136,0.869,12.024,11.841,-11.902

0.238,-0.146,0.865,11.353,10.498,-9.766

0.252,-0.158,0.867,11.108,7.568,-6.409

0.253,-0.156,0.878,9.460,5.249,-3.723

0.256,-0.158,0.885,8.301,4.333,-3.052

0.260,-0.153,0.896,6.042,3.723,-1.709

0.265,-0.138,0.905,3.723,2.380,0.000

0.232,-0.100,0.941,2.441,0.916,1.282

0.269,-0.126,0.947,11.658,-2.869,7.629

0.285,-0.134,0.954,16.113,-6.958,15.747

0.293,-0.131,0.972,14.038,-7.507,11.902

0.278,-0.134,0.982,11.353,-6.165,3.479

0.277,-0.139,0.988,9.399,-3.784,0.122

0.281,-0.142,0.988,7.996,-2.808,0.183

0.276,-0.143,0.991,5.371,-3.174,0.183

0.277,-0.146,0.990,3.113,-2.625,-1.038

0.270,-0.147,0.986,0.916,-1.465,-1.526




